framework,category,backend,curve,circuit,input,operation,nbConstraints,nbSecret,nbPublic,ram,time,proofSize,count
circom/snarkjs,circuit,groth16,bn128,sha256,input/circuit/sha256/bytes/input_10.json,compile,522393,1056,0,3053924352,35490,,1
circom/snarkjs,circuit,groth16,bn128,sha256,input/circuit/sha256/bytes/input_10.json,witness,522393,1056,0,219119616,1350,,1
circom/snarkjs,circuit,groth16,bn128,sha256,input/circuit/sha256/bytes/input_10.json,setup,522393,1056,0,2692472832,246710,,1
circom/snarkjs,circuit,groth16,bn128,sha256,input/circuit/sha256/bytes/input_10.json,prove,522393,1056,0,2926256128,17120,707,1
circom/rapidsnark,circuit,groth16,bn128,sha256,input/circuit/sha256/bytes/input_10.json,prove,522393,1056,0,588832768,1750,707,1
circom/snarkjs,circuit,groth16,bn128,sha256,input/circuit/sha256/bytes/input_10.json,verify,522393,1056,0,160268288,790,,1
circom/snarkjs,circuit,groth16,bn128,sha256,input/circuit/sha256/bytes/input_11.json,compile,522393,1056,0,3052445696,34540,,1
circom/snarkjs,circuit,groth16,bn128,sha256,input/circuit/sha256/bytes/input_11.json,witness,522393,1056,0,54349824,60,,1

circom/snarkjs,circuit,groth16,bn128,sha256,input/circuit/sha256/bytes/input_11.json,prove,522393,1056,0,,,,1
circom/rapidsnark,circuit,groth16,bn128,sha256,input/circuit/sha256/bytes/input_11.json,prove,522393,1056,0,,,,1
circom/snarkjs,circuit,groth16,bn128,sha256,input/circuit/sha256/bytes/input_11.json,verify,522393,1056,0,64925696,280,,1
circom/snarkjs,circuit,groth16,bn128,sha256,input/circuit/sha256/bytes/input_12.json,compile,522393,1056,0,3054194688,34260,,1
circom/snarkjs,circuit,groth16,bn128,sha256,input/circuit/sha256/bytes/input_12.json,witness,522393,1056,0,54431744,50,,1

circom/snarkjs,circuit,groth16,bn128,sha256,input/circuit/sha256/bytes/input_12.json,prove,522393,1056,0,,,,1
circom/rapidsnark,circuit,groth16,bn128,sha256,input/circuit/sha256/bytes/input_12.json,prove,522393,1056,0,,,,1
circom/snarkjs,circuit,groth16,bn128,sha256,input/circuit/sha256/bytes/input_12.json,verify,522393,1056,0,64872448,320,,1
circom/snarkjs,circuit,groth16,bn128,sha256,input/circuit/sha256/bytes/input_13.json,compile,522393,1056,0,3052474368,34340,,1
circom/snarkjs,circuit,groth16,bn128,sha256,input/circuit/sha256/bytes/input_13.json,witness,522393,1056,0,55934976,60,,1

circom/snarkjs,circuit,groth16,bn128,sha256,input/circuit/sha256/bytes/input_13.json,prove,522393,1056,0,,,,1
circom/rapidsnark,circuit,groth16,bn128,sha256,input/circuit/sha256/bytes/input_13.json,prove,522393,1056,0,,,,1
circom/snarkjs,circuit,groth16,bn128,sha256,input/circuit/sha256/bytes/input_13.json,verify,522393,1056,0,64880640,260,,1
circom/snarkjs,circuit,groth16,bn128,sha256,input/circuit/sha256/bytes/input_14.json,compile,522393,1056,0,3052781568,34420,,1
circom/snarkjs,circuit,groth16,bn128,sha256,input/circuit/sha256/bytes/input_14.json,witness,522393,1056,0,56111104,60,,1

circom/snarkjs,circuit,groth16,bn128,sha256,input/circuit/sha256/bytes/input_14.json,prove,522393,1056,0,,,,1
circom/rapidsnark,circuit,groth16,bn128,sha256,input/circuit/sha256/bytes/input_14.json,prove,522393,1056,0,,,,1
circom/snarkjs,circuit,groth16,bn128,sha256,input/circuit/sha256/bytes/input_14.json,verify,522393,1056,0,64880640,250,,1
circom/snarkjs,circuit,groth16,bn128,sha256,input/circuit/sha256/bytes/input_15.json,compile,522393,1056,0,3052138496,34550,,1
circom/snarkjs,circuit,groth16,bn128,sha256,input/circuit/sha256/bytes/input_15.json,witness,522393,1056,0,56807424,60,,1

circom/snarkjs,circuit,groth16,bn128,sha256,input/circuit/sha256/bytes/input_15.json,prove,522393,1056,0,,,,1
circom/rapidsnark,circuit,groth16,bn128,sha256,input/circuit/sha256/bytes/input_15.json,prove,522393,1056,0,,,,1
circom/snarkjs,circuit,groth16,bn128,sha256,input/circuit/sha256/bytes/input_15.json,verify,522393,1056,0,64995328,300,,1
circom/snarkjs,circuit,groth16,bn128,sha256,input/circuit/sha256/bytes/input_5.json,compile,522393,1056,0,3052855296,34700,,1
circom/snarkjs,circuit,groth16,bn128,sha256,input/circuit/sha256/bytes/input_5.json,witness,522393,1056,0,55005184,50,,1

circom/snarkjs,circuit,groth16,bn128,sha256,input/circuit/sha256/bytes/input_5.json,prove,522393,1056,0,,,,1
circom/rapidsnark,circuit,groth16,bn128,sha256,input/circuit/sha256/bytes/input_5.json,prove,522393,1056,0,,,,1
circom/snarkjs,circuit,groth16,bn128,sha256,input/circuit/sha256/bytes/input_5.json,verify,522393,1056,0,65032192,260,,1
circom/snarkjs,circuit,groth16,bn128,sha256,input/circuit/sha256/bytes/input_6.json,compile,522393,1056,0,3052797952,34440,,1
circom/snarkjs,circuit,groth16,bn128,sha256,input/circuit/sha256/bytes/input_6.json,witness,522393,1056,0,54693888,50,,1

circom/snarkjs,circuit,groth16,bn128,sha256,input/circuit/sha256/bytes/input_6.json,prove,522393,1056,0,,,,1
circom/rapidsnark,circuit,groth16,bn128,sha256,input/circuit/sha256/bytes/input_6.json,prove,522393,1056,0,,,,1
circom/snarkjs,circuit,groth16,bn128,sha256,input/circuit/sha256/bytes/input_6.json,verify,522393,1056,0,64983040,300,,1
circom/snarkjs,circuit,groth16,bn128,sha256,input/circuit/sha256/bytes/input_7.json,compile,522393,1056,0,3053387776,34510,,1
circom/snarkjs,circuit,groth16,bn128,sha256,input/circuit/sha256/bytes/input_7.json,witness,522393,1056,0,54292480,50,,1

circom/snarkjs,circuit,groth16,bn128,sha256,input/circuit/sha256/bytes/input_7.json,prove,522393,1056,0,,,,1
circom/rapidsnark,circuit,groth16,bn128,sha256,input/circuit/sha256/bytes/input_7.json,prove,522393,1056,0,,,,1
circom/snarkjs,circuit,groth16,bn128,sha256,input/circuit/sha256/bytes/input_7.json,verify,522393,1056,0,64860160,230,,1
circom/snarkjs,circuit,groth16,bn128,sha256,input/circuit/sha256/bytes/input_8.json,compile,522393,1056,0,3052920832,34490,,1
circom/snarkjs,circuit,groth16,bn128,sha256,input/circuit/sha256/bytes/input_8.json,witness,522393,1056,0,54190080,50,,1

circom/snarkjs,circuit,groth16,bn128,sha256,input/circuit/sha256/bytes/input_8.json,prove,522393,1056,0,,,,1
circom/rapidsnark,circuit,groth16,bn128,sha256,input/circuit/sha256/bytes/input_8.json,prove,522393,1056,0,,,,1
circom/snarkjs,circuit,groth16,bn128,sha256,input/circuit/sha256/bytes/input_8.json,verify,522393,1056,0,64876544,310,,1
circom/snarkjs,circuit,groth16,bn128,sha256,input/circuit/sha256/bytes/input_9.json,compile,522393,1056,0,3052273664,34610,,1
circom/snarkjs,circuit,groth16,bn128,sha256,input/circuit/sha256/bytes/input_9.json,witness,522393,1056,0,54493184,50,,1

circom/snarkjs,circuit,groth16,bn128,sha256,input/circuit/sha256/bytes/input_9.json,prove,522393,1056,0,,,,1
circom/rapidsnark,circuit,groth16,bn128,sha256,input/circuit/sha256/bytes/input_9.json,prove,522393,1056,0,,,,1
circom/snarkjs,circuit,groth16,bn128,sha256,input/circuit/sha256/bytes/input_9.json,verify,522393,1056,0,64831488,320,,1
circom/snarkjs,circuit,groth16,bn128,sha256,input/circuit/sha256/bytes/input_10.json,compile,522393,1056,0,3053518848,34360,,1
circom/snarkjs,circuit,groth16,bn128,sha256,input/circuit/sha256/bytes/input_10.json,witness,522393,1056,0,218030080,1350,,1
circom/snarkjs,circuit,groth16,bn128,sha256,input/circuit/sha256/bytes/input_10.json,setup,522393,1056,0,2687598592,244420,,1
circom/snarkjs,circuit,groth16,bn128,sha256,input/circuit/sha256/bytes/input_10.json,prove,522393,1056,0,2986037248,17490,704,1
circom/rapidsnark,circuit,groth16,bn128,sha256,input/circuit/sha256/bytes/input_10.json,prove,522393,1056,0,588886016,1750,704,1
circom/snarkjs,circuit,groth16,bn128,sha256,input/circuit/sha256/bytes/input_10.json,verify,522393,1056,0,161955840,800,,1
circom/snarkjs,circuit,groth16,bn128,sha256,input/circuit/sha256/bytes/input_11.json,compile,522393,1056,0,3052568576,34350,,1
circom/snarkjs,circuit,groth16,bn128,sha256,input/circuit/sha256/bytes/input_11.json,witness,522393,1056,0,54288384,50,,1

circom/snarkjs,circuit,groth16,bn128,sha256,input/circuit/sha256/bytes/input_11.json,prove,522393,1056,0,,,,1
circom/rapidsnark,circuit,groth16,bn128,sha256,input/circuit/sha256/bytes/input_11.json,prove,522393,1056,0,,,,1
circom/snarkjs,circuit,groth16,bn128,sha256,input/circuit/sha256/bytes/input_11.json,verify,522393,1056,0,64909312,290,,1
circom/snarkjs,circuit,groth16,bn128,sha256,input/circuit/sha256/bytes/input_12.json,compile,522393,1056,0,3053002752,34240,,1
circom/snarkjs,circuit,groth16,bn128,sha256,input/circuit/sha256/bytes/input_12.json,witness,522393,1056,0,54558720,50,,1

circom/snarkjs,circuit,groth16,bn128,sha256,input/circuit/sha256/bytes/input_12.json,prove,522393,1056,0,,,,1
circom/rapidsnark,circuit,groth16,bn128,sha256,input/circuit/sha256/bytes/input_12.json,prove,522393,1056,0,,,,1
circom/snarkjs,circuit,groth16,bn128,sha256,input/circuit/sha256/bytes/input_12.json,verify,522393,1056,0,65159168,280,,1
circom/snarkjs,circuit,groth16,bn128,sha256,input/circuit/sha256/bytes/input_13.json,compile,522393,1056,0,3052490752,34530,,1
circom/snarkjs,circuit,groth16,bn128,sha256,input/circuit/sha256/bytes/input_13.json,witness,522393,1056,0,55906304,60,,1

circom/snarkjs,circuit,groth16,bn128,sha256,input/circuit/sha256/bytes/input_13.json,prove,522393,1056,0,,,,1
circom/rapidsnark,circuit,groth16,bn128,sha256,input/circuit/sha256/bytes/input_13.json,prove,522393,1056,0,,,,1
circom/snarkjs,circuit,groth16,bn128,sha256,input/circuit/sha256/bytes/input_13.json,verify,522393,1056,0,65019904,270,,1
circom/snarkjs,circuit,groth16,bn128,sha256,input/circuit/sha256/bytes/input_14.json,compile,522393,1056,0,3054698496,34930,,1
circom/snarkjs,circuit,groth16,bn128,sha256,input/circuit/sha256/bytes/input_14.json,witness,522393,1056,0,56127488,60,,1

circom/snarkjs,circuit,groth16,bn128,sha256,input/circuit/sha256/bytes/input_14.json,prove,522393,1056,0,,,,1
circom/rapidsnark,circuit,groth16,bn128,sha256,input/circuit/sha256/bytes/input_14.json,prove,522393,1056,0,,,,1
circom/snarkjs,circuit,groth16,bn128,sha256,input/circuit/sha256/bytes/input_14.json,verify,522393,1056,0,65024000,290,,1
circom/snarkjs,circuit,groth16,bn128,sha256,input/circuit/sha256/bytes/input_15.json,compile,522393,1056,0,3053080576,35050,,1
circom/snarkjs,circuit,groth16,bn128,sha256,input/circuit/sha256/bytes/input_15.json,witness,522393,1056,0,56819712,60,,1

circom/snarkjs,circuit,groth16,bn128,sha256,input/circuit/sha256/bytes/input_15.json,prove,522393,1056,0,,,,1
circom/rapidsnark,circuit,groth16,bn128,sha256,input/circuit/sha256/bytes/input_15.json,prove,522393,1056,0,,,,1
circom/snarkjs,circuit,groth16,bn128,sha256,input/circuit/sha256/bytes/input_15.json,verify,522393,1056,0,64847872,320,,1
circom/snarkjs,circuit,groth16,bn128,sha256,input/circuit/sha256/bytes/input_5.json,compile,522393,1056,0,3051528192,34210,,1
circom/snarkjs,circuit,groth16,bn128,sha256,input/circuit/sha256/bytes/input_5.json,witness,522393,1056,0,54972416,50,,1

circom/snarkjs,circuit,groth16,bn128,sha256,input/circuit/sha256/bytes/input_5.json,prove,522393,1056,0,,,,1
circom/rapidsnark,circuit,groth16,bn128,sha256,input/circuit/sha256/bytes/input_5.json,prove,522393,1056,0,,,,1
circom/snarkjs,circuit,groth16,bn128,sha256,input/circuit/sha256/bytes/input_5.json,verify,522393,1056,0,64819200,340,,1
circom/snarkjs,circuit,groth16,bn128,sha256,input/circuit/sha256/bytes/input_6.json,compile,522393,1056,0,3052941312,34450,,1
circom/snarkjs,circuit,groth16,bn128,sha256,input/circuit/sha256/bytes/input_6.json,witness,522393,1056,0,54198272,50,,1

circom/snarkjs,circuit,groth16,bn128,sha256,input/circuit/sha256/bytes/input_6.json,prove,522393,1056,0,,,,1
circom/rapidsnark,circuit,groth16,bn128,sha256,input/circuit/sha256/bytes/input_6.json,prove,522393,1056,0,,,,1
circom/snarkjs,circuit,groth16,bn128,sha256,input/circuit/sha256/bytes/input_6.json,verify,522393,1056,0,64876544,270,,1
circom/snarkjs,circuit,groth16,bn128,sha256,input/circuit/sha256/bytes/input_7.json,compile,522393,1056,0,3052961792,34860,,1
circom/snarkjs,circuit,groth16,bn128,sha256,input/circuit/sha256/bytes/input_7.json,witness,522393,1056,0,54226944,50,,1

circom/snarkjs,circuit,groth16,bn128,sha256,input/circuit/sha256/bytes/input_7.json,prove,522393,1056,0,,,,1
circom/rapidsnark,circuit,groth16,bn128,sha256,input/circuit/sha256/bytes/input_7.json,prove,522393,1056,0,,,,1
circom/snarkjs,circuit,groth16,bn128,sha256,input/circuit/sha256/bytes/input_7.json,verify,522393,1056,0,65089536,320,,1
circom/snarkjs,circuit,groth16,bn128,sha256,input/circuit/sha256/bytes/input_8.json,compile,522393,1056,0,3052785664,34660,,1
circom/snarkjs,circuit,groth16,bn128,sha256,input/circuit/sha256/bytes/input_8.json,witness,522393,1056,0,54259712,50,,1

circom/snarkjs,circuit,groth16,bn128,sha256,input/circuit/sha256/bytes/input_8.json,prove,522393,1056,0,,,,1
circom/rapidsnark,circuit,groth16,bn128,sha256,input/circuit/sha256/bytes/input_8.json,prove,522393,1056,0,,,,1
circom/snarkjs,circuit,groth16,bn128,sha256,input/circuit/sha256/bytes/input_8.json,verify,522393,1056,0,65015808,280,,1
circom/snarkjs,circuit,groth16,bn128,sha256,input/circuit/sha256/bytes/input_9.json,compile,522393,1056,0,3052650496,34610,,1
circom/snarkjs,circuit,groth16,bn128,sha256,input/circuit/sha256/bytes/input_9.json,witness,522393,1056,0,54284288,50,,1

circom/snarkjs,circuit,groth16,bn128,sha256,input/circuit/sha256/bytes/input_9.json,prove,522393,1056,0,,,,1
circom/rapidsnark,circuit,groth16,bn128,sha256,input/circuit/sha256/bytes/input_9.json,prove,522393,1056,0,,,,1
circom/snarkjs,circuit,groth16,bn128,sha256,input/circuit/sha256/bytes/input_9.json,verify,522393,1056,0,64856064,310,,1
circom/snarkjs,circuit,groth16,bn128,sha256,input/circuit/sha256/bytes/input_10.json,compile,522393,1056,0,3052679168,35830,,1
circom/snarkjs,circuit,groth16,bn128,sha256,input/circuit/sha256/bytes/input_10.json,witness,522393,1056,0,217673728,1360,,1
circom/snarkjs,circuit,groth16,bn128,sha256,input/circuit/sha256/bytes/input_10.json,setup,522393,1056,0,2697404416,243090,,1
circom/snarkjs,circuit,groth16,bn128,sha256,input/circuit/sha256/bytes/input_10.json,prove,522393,1056,0,3051425792,17400,706,1
circom/rapidsnark,circuit,groth16,bn128,sha256,input/circuit/sha256/bytes/input_10.json,prove,522393,1056,0,588828672,1760,706,1
circom/snarkjs,circuit,groth16,bn128,sha256,input/circuit/sha256/bytes/input_10.json,verify,522393,1056,0,162279424,750,,1
circom/snarkjs,circuit,groth16,bn128,sha256,input/circuit/sha256/bytes/input_11.json,compile,522393,1056,0,3052679168,34730,,1
circom/snarkjs,circuit,groth16,bn128,sha256,input/circuit/sha256/bytes/input_11.json,witness,522393,1056,0,54296576,50,,1

circom/snarkjs,circuit,groth16,bn128,sha256,input/circuit/sha256/bytes/input_11.json,prove,522393,1056,0,,,,1
circom/rapidsnark,circuit,groth16,bn128,sha256,input/circuit/sha256/bytes/input_11.json,prove,522393,1056,0,,,,1
circom/snarkjs,circuit,groth16,bn128,sha256,input/circuit/sha256/bytes/input_11.json,verify,522393,1056,0,64741376,300,,1
circom/snarkjs,circuit,groth16,bn128,sha256,input/circuit/sha256/bytes/input_12.json,compile,522393,1056,0,3052150784,35120,,1
circom/snarkjs,circuit,groth16,bn128,sha256,input/circuit/sha256/bytes/input_12.json,witness,522393,1056,0,54341632,60,,1

circom/snarkjs,circuit,groth16,bn128,sha256,input/circuit/sha256/bytes/input_12.json,prove,522393,1056,0,,,,1
circom/rapidsnark,circuit,groth16,bn128,sha256,input/circuit/sha256/bytes/input_12.json,prove,522393,1056,0,,,,1
circom/snarkjs,circuit,groth16,bn128,sha256,input/circuit/sha256/bytes/input_12.json,verify,522393,1056,0,64970752,290,,1
circom/snarkjs,circuit,groth16,bn128,sha256,input/circuit/sha256/bytes/input_13.json,compile,522393,1056,0,3052933120,36030,,1
circom/snarkjs,circuit,groth16,bn128,sha256,input/circuit/sha256/bytes/input_13.json,witness,522393,1056,0,55914496,60,,1

circom/snarkjs,circuit,groth16,bn128,sha256,input/circuit/sha256/bytes/input_13.json,prove,522393,1056,0,,,,1
circom/rapidsnark,circuit,groth16,bn128,sha256,input/circuit/sha256/bytes/input_13.json,prove,522393,1056,0,,,,1
circom/snarkjs,circuit,groth16,bn128,sha256,input/circuit/sha256/bytes/input_13.json,verify,522393,1056,0,64839680,280,,1
circom/snarkjs,circuit,groth16,bn128,sha256,input/circuit/sha256/bytes/input_14.json,compile,522393,1056,0,3051573248,35980,,1
circom/snarkjs,circuit,groth16,bn128,sha256,input/circuit/sha256/bytes/input_14.json,witness,522393,1056,0,56238080,60,,1

circom/snarkjs,circuit,groth16,bn128,sha256,input/circuit/sha256/bytes/input_14.json,prove,522393,1056,0,,,,1
circom/rapidsnark,circuit,groth16,bn128,sha256,input/circuit/sha256/bytes/input_14.json,prove,522393,1056,0,,,,1
circom/snarkjs,circuit,groth16,bn128,sha256,input/circuit/sha256/bytes/input_14.json,verify,522393,1056,0,65163264,270,,1
circom/snarkjs,circuit,groth16,bn128,sha256,input/circuit/sha256/bytes/input_15.json,compile,522393,1056,0,3055263744,35820,,1
circom/snarkjs,circuit,groth16,bn128,sha256,input/circuit/sha256/bytes/input_15.json,witness,522393,1056,0,56832000,60,,1

circom/snarkjs,circuit,groth16,bn128,sha256,input/circuit/sha256/bytes/input_15.json,prove,522393,1056,0,,,,1
circom/rapidsnark,circuit,groth16,bn128,sha256,input/circuit/sha256/bytes/input_15.json,prove,522393,1056,0,,,,1
circom/snarkjs,circuit,groth16,bn128,sha256,input/circuit/sha256/bytes/input_15.json,verify,522393,1056,0,64856064,280,,1
circom/snarkjs,circuit,groth16,bn128,sha256,input/circuit/sha256/bytes/input_5.json,compile,522393,1056,0,3052679168,36010,,1
circom/snarkjs,circuit,groth16,bn128,sha256,input/circuit/sha256/bytes/input_5.json,witness,522393,1056,0,54231040,50,,1

circom/snarkjs,circuit,groth16,bn128,sha256,input/circuit/sha256/bytes/input_5.json,prove,522393,1056,0,,,,1
circom/rapidsnark,circuit,groth16,bn128,sha256,input/circuit/sha256/bytes/input_5.json,prove,522393,1056,0,,,,1
circom/snarkjs,circuit,groth16,bn128,sha256,input/circuit/sha256/bytes/input_5.json,verify,522393,1056,0,64823296,300,,1
circom/snarkjs,circuit,groth16,bn128,sha256,input/circuit/sha256/bytes/input_6.json,compile,522393,1056,0,3053355008,36470,,1
circom/snarkjs,circuit,groth16,bn128,sha256,input/circuit/sha256/bytes/input_6.json,witness,522393,1056,0,55156736,60,,1

circom/snarkjs,circuit,groth16,bn128,sha256,input/circuit/sha256/bytes/input_6.json,prove,522393,1056,0,,,,1
circom/rapidsnark,circuit,groth16,bn128,sha256,input/circuit/sha256/bytes/input_6.json,prove,522393,1056,0,,,,1
circom/snarkjs,circuit,groth16,bn128,sha256,input/circuit/sha256/bytes/input_6.json,verify,522393,1056,0,64843776,330,,1
circom/snarkjs,circuit,groth16,bn128,sha256,input/circuit/sha256/bytes/input_7.json,compile,522393,1056,0,3051929600,35730,,1
circom/snarkjs,circuit,groth16,bn128,sha256,input/circuit/sha256/bytes/input_7.json,witness,522393,1056,0,54202368,50,,1

circom/snarkjs,circuit,groth16,bn128,sha256,input/circuit/sha256/bytes/input_7.json,prove,522393,1056,0,,,,1
circom/rapidsnark,circuit,groth16,bn128,sha256,input/circuit/sha256/bytes/input_7.json,prove,522393,1056,0,,,,1
circom/snarkjs,circuit,groth16,bn128,sha256,input/circuit/sha256/bytes/input_7.json,verify,522393,1056,0,65036288,270,,1
circom/snarkjs,circuit,groth16,bn128,sha256,input/circuit/sha256/bytes/input_8.json,compile,522393,1056,0,3053191168,35840,,1
circom/snarkjs,circuit,groth16,bn128,sha256,input/circuit/sha256/bytes/input_8.json,witness,522393,1056,0,54231040,50,,1

circom/snarkjs,circuit,groth16,bn128,sha256,input/circuit/sha256/bytes/input_8.json,prove,522393,1056,0,,,,1
circom/rapidsnark,circuit,groth16,bn128,sha256,input/circuit/sha256/bytes/input_8.json,prove,522393,1056,0,,,,1
circom/snarkjs,circuit,groth16,bn128,sha256,input/circuit/sha256/bytes/input_8.json,verify,522393,1056,0,64974848,290,,1
circom/snarkjs,circuit,groth16,bn128,sha256,input/circuit/sha256/bytes/input_9.json,compile,522393,1056,0,3052527616,35820,,1
circom/snarkjs,circuit,groth16,bn128,sha256,input/circuit/sha256/bytes/input_9.json,witness,522393,1056,0,54960128,50,,1

circom/snarkjs,circuit,groth16,bn128,sha256,input/circuit/sha256/bytes/input_9.json,prove,522393,1056,0,,,,1
circom/rapidsnark,circuit,groth16,bn128,sha256,input/circuit/sha256/bytes/input_9.json,prove,522393,1056,0,,,,1
circom/snarkjs,circuit,groth16,bn128,sha256,input/circuit/sha256/bytes/input_9.json,verify,522393,1056,0,64966656,310,,1
circom/snarkjs,circuit,groth16,bn128,sha256,input/circuit/sha256/bytes/input_10.json,compile,522393,1056,0,3040407552,36030,,1
circom/snarkjs,circuit,groth16,bn128,sha256,input/circuit/sha256/bytes/input_10.json,witness,522393,1056,0,219103232,1360,,1
circom/snarkjs,circuit,groth16,bn128,sha256,input/circuit/sha256/bytes/input_10.json,setup,522393,1056,0,2713083904,243170,,1
circom/snarkjs,circuit,groth16,bn128,sha256,input/circuit/sha256/bytes/input_10.json,prove,522393,1056,0,3042975744,17150,708,1
circom/rapidsnark,circuit,groth16,bn128,sha256,input/circuit/sha256/bytes/input_10.json,prove,522393,1056,0,588828672,1750,708,1
circom/snarkjs,circuit,groth16,bn128,sha256,input/circuit/sha256/bytes/input_10.json,verify,522393,1056,0,161943552,730,,1
circom/snarkjs,circuit,groth16,bn128,sha256,input/circuit/sha256/bytes/input_11.json,compile,522393,1056,0,3052920832,34790,,1
circom/snarkjs,circuit,groth16,bn128,sha256,input/circuit/sha256/bytes/input_11.json,witness,522393,1056,0,54370304,50,,1

circom/snarkjs,circuit,groth16,bn128,sha256,input/circuit/sha256/bytes/input_11.json,prove,522393,1056,0,,,,1
circom/rapidsnark,circuit,groth16,bn128,sha256,input/circuit/sha256/bytes/input_11.json,prove,522393,1056,0,,,,1
circom/snarkjs,circuit,groth16,bn128,sha256,input/circuit/sha256/bytes/input_11.json,verify,522393,1056,0,65110016,260,,1
circom/snarkjs,circuit,groth16,bn128,sha256,input/circuit/sha256/bytes/input_12.json,compile,522393,1056,0,3053359104,34930,,1
circom/snarkjs,circuit,groth16,bn128,sha256,input/circuit/sha256/bytes/input_12.json,witness,522393,1056,0,54702080,50,,1

circom/snarkjs,circuit,groth16,bn128,sha256,input/circuit/sha256/bytes/input_12.json,prove,522393,1056,0,,,,1
circom/rapidsnark,circuit,groth16,bn128,sha256,input/circuit/sha256/bytes/input_12.json,prove,522393,1056,0,,,,1
circom/snarkjs,circuit,groth16,bn128,sha256,input/circuit/sha256/bytes/input_12.json,verify,522393,1056,0,64974848,300,,1
circom/snarkjs,circuit,groth16,bn128,sha256,input/circuit/sha256/bytes/input_13.json,compile,522393,1056,0,3051929600,34640,,1
circom/snarkjs,circuit,groth16,bn128,sha256,input/circuit/sha256/bytes/input_13.json,witness,522393,1056,0,55951360,60,,1

circom/snarkjs,circuit,groth16,bn128,sha256,input/circuit/sha256/bytes/input_13.json,prove,522393,1056,0,,,,1
circom/rapidsnark,circuit,groth16,bn128,sha256,input/circuit/sha256/bytes/input_13.json,prove,522393,1056,0,,,,1
circom/snarkjs,circuit,groth16,bn128,sha256,input/circuit/sha256/bytes/input_13.json,verify,522393,1056,0,64888832,260,,1
circom/snarkjs,circuit,groth16,bn128,sha256,input/circuit/sha256/bytes/input_14.json,compile,522393,1056,0,3052957696,34410,,1
circom/snarkjs,circuit,groth16,bn128,sha256,input/circuit/sha256/bytes/input_14.json,witness,522393,1056,0,56164352,60,,1

circom/snarkjs,circuit,groth16,bn128,sha256,input/circuit/sha256/bytes/input_14.json,prove,522393,1056,0,,,,1
circom/rapidsnark,circuit,groth16,bn128,sha256,input/circuit/sha256/bytes/input_14.json,prove,522393,1056,0,,,,1
circom/snarkjs,circuit,groth16,bn128,sha256,input/circuit/sha256/bytes/input_14.json,verify,522393,1056,0,64999424,270,,1
circom/snarkjs,circuit,groth16,bn128,sha256,input/circuit/sha256/bytes/input_15.json,compile,522393,1056,0,3052539904,34600,,1
circom/snarkjs,circuit,groth16,bn128,sha256,input/circuit/sha256/bytes/input_15.json,witness,522393,1056,0,56823808,60,,1

circom/snarkjs,circuit,groth16,bn128,sha256,input/circuit/sha256/bytes/input_15.json,prove,522393,1056,0,,,,1
circom/rapidsnark,circuit,groth16,bn128,sha256,input/circuit/sha256/bytes/input_15.json,prove,522393,1056,0,,,,1
circom/snarkjs,circuit,groth16,bn128,sha256,input/circuit/sha256/bytes/input_15.json,verify,522393,1056,0,64847872,330,,1
circom/snarkjs,circuit,groth16,bn128,sha256,input/circuit/sha256/bytes/input_5.json,compile,522393,1056,0,3053330432,34550,,1
circom/snarkjs,circuit,groth16,bn128,sha256,input/circuit/sha256/bytes/input_5.json,witness,522393,1056,0,55091200,50,,1

circom/snarkjs,circuit,groth16,bn128,sha256,input/circuit/sha256/bytes/input_5.json,prove,522393,1056,0,,,,1
circom/rapidsnark,circuit,groth16,bn128,sha256,input/circuit/sha256/bytes/input_5.json,prove,522393,1056,0,,,,1
circom/snarkjs,circuit,groth16,bn128,sha256,input/circuit/sha256/bytes/input_5.json,verify,522393,1056,0,64942080,260,,1
circom/snarkjs,circuit,groth16,bn128,sha256,input/circuit/sha256/bytes/input_6.json,compile,522393,1056,0,3053281280,34660,,1
circom/snarkjs,circuit,groth16,bn128,sha256,input/circuit/sha256/bytes/input_6.json,witness,522393,1056,0,54181888,50,,1

circom/snarkjs,circuit,groth16,bn128,sha256,input/circuit/sha256/bytes/input_6.json,prove,522393,1056,0,,,,1
circom/rapidsnark,circuit,groth16,bn128,sha256,input/circuit/sha256/bytes/input_6.json,prove,522393,1056,0,,,,1
circom/snarkjs,circuit,groth16,bn128,sha256,input/circuit/sha256/bytes/input_6.json,verify,522393,1056,0,65228800,310,,1
circom/snarkjs,circuit,groth16,bn128,sha256,input/circuit/sha256/bytes/input_7.json,compile,522393,1056,0,3053236224,34500,,1
circom/snarkjs,circuit,groth16,bn128,sha256,input/circuit/sha256/bytes/input_7.json,witness,522393,1056,0,54185984,50,,1

circom/snarkjs,circuit,groth16,bn128,sha256,input/circuit/sha256/bytes/input_7.json,prove,522393,1056,0,,,,1
circom/rapidsnark,circuit,groth16,bn128,sha256,input/circuit/sha256/bytes/input_7.json,prove,522393,1056,0,,,,1
circom/snarkjs,circuit,groth16,bn128,sha256,input/circuit/sha256/bytes/input_7.json,verify,522393,1056,0,64876544,300,,1
circom/snarkjs,circuit,groth16,bn128,sha256,input/circuit/sha256/bytes/input_8.json,compile,522393,1056,0,3053477888,34400,,1
circom/snarkjs,circuit,groth16,bn128,sha256,input/circuit/sha256/bytes/input_8.json,witness,522393,1056,0,54206464,50,,1

circom/snarkjs,circuit,groth16,bn128,sha256,input/circuit/sha256/bytes/input_8.json,prove,522393,1056,0,,,,1
circom/rapidsnark,circuit,groth16,bn128,sha256,input/circuit/sha256/bytes/input_8.json,prove,522393,1056,0,,,,1
circom/snarkjs,circuit,groth16,bn128,sha256,input/circuit/sha256/bytes/input_8.json,verify,522393,1056,0,64839680,270,,1
circom/snarkjs,circuit,groth16,bn128,sha256,input/circuit/sha256/bytes/input_9.json,compile,522393,1056,0,3052871680,34370,,1
circom/snarkjs,circuit,groth16,bn128,sha256,input/circuit/sha256/bytes/input_9.json,witness,522393,1056,0,54198272,50,,1

circom/snarkjs,circuit,groth16,bn128,sha256,input/circuit/sha256/bytes/input_9.json,prove,522393,1056,0,,,,1
circom/rapidsnark,circuit,groth16,bn128,sha256,input/circuit/sha256/bytes/input_9.json,prove,522393,1056,0,,,,1
circom/snarkjs,circuit,groth16,bn128,sha256,input/circuit/sha256/bytes/input_9.json,verify,522393,1056,0,64913408,310,,1
circom/snarkjs,circuit,groth16,bn128,sha256,input/circuit/sha256/bytes/input_10.json,compile,522393,1056,0,3053170688,34460,,1
circom/snarkjs,circuit,groth16,bn128,sha256,input/circuit/sha256/bytes/input_10.json,witness,522393,1056,0,219181056,1360,,1
circom/snarkjs,circuit,groth16,bn128,sha256,input/circuit/sha256/bytes/input_10.json,setup,522393,1056,0,2818949120,244180,,1
circom/snarkjs,circuit,groth16,bn128,sha256,input/circuit/sha256/bytes/input_10.json,prove,522393,1056,0,2920833024,17310,704,1
circom/rapidsnark,circuit,groth16,bn128,sha256,input/circuit/sha256/bytes/input_10.json,prove,522393,1056,0,588898304,1760,704,1
circom/snarkjs,circuit,groth16,bn128,sha256,input/circuit/sha256/bytes/input_10.json,verify,522393,1056,0,160460800,750,,1
circom/snarkjs,circuit,groth16,bn128,sha256,input/circuit/sha256/bytes/input_11.json,compile,522393,1056,0,3052630016,34860,,1
circom/snarkjs,circuit,groth16,bn128,sha256,input/circuit/sha256/bytes/input_11.json,witness,522393,1056,0,54321152,50,,1

circom/snarkjs,circuit,groth16,bn128,sha256,input/circuit/sha256/bytes/input_11.json,prove,522393,1056,0,,,,1
circom/rapidsnark,circuit,groth16,bn128,sha256,input/circuit/sha256/bytes/input_11.json,prove,522393,1056,0,,,,1
circom/snarkjs,circuit,groth16,bn128,sha256,input/circuit/sha256/bytes/input_11.json,verify,522393,1056,0,65019904,290,,1
circom/snarkjs,circuit,groth16,bn128,sha256,input/circuit/sha256/bytes/input_12.json,compile,522393,1056,0,3053830144,34940,,1
circom/snarkjs,circuit,groth16,bn128,sha256,input/circuit/sha256/bytes/input_12.json,witness,522393,1056,0,54370304,50,,1

circom/snarkjs,circuit,groth16,bn128,sha256,input/circuit/sha256/bytes/input_12.json,prove,522393,1056,0,,,,1
circom/rapidsnark,circuit,groth16,bn128,sha256,input/circuit/sha256/bytes/input_12.json,prove,522393,1056,0,,,,1
circom/snarkjs,circuit,groth16,bn128,sha256,input/circuit/sha256/bytes/input_12.json,verify,522393,1056,0,65044480,340,,1
circom/snarkjs,circuit,groth16,bn128,sha256,input/circuit/sha256/bytes/input_13.json,compile,522393,1056,0,3052331008,34290,,1
circom/snarkjs,circuit,groth16,bn128,sha256,input/circuit/sha256/bytes/input_13.json,witness,522393,1056,0,55910400,60,,1

circom/snarkjs,circuit,groth16,bn128,sha256,input/circuit/sha256/bytes/input_13.json,prove,522393,1056,0,,,,1
circom/rapidsnark,circuit,groth16,bn128,sha256,input/circuit/sha256/bytes/input_13.json,prove,522393,1056,0,,,,1
circom/snarkjs,circuit,groth16,bn128,sha256,input/circuit/sha256/bytes/input_13.json,verify,522393,1056,0,64991232,260,,1
circom/snarkjs,circuit,groth16,bn128,sha256,input/circuit/sha256/bytes/input_14.json,compile,522393,1056,0,3053899776,34860,,1
circom/snarkjs,circuit,groth16,bn128,sha256,input/circuit/sha256/bytes/input_14.json,witness,522393,1056,0,56233984,60,,1

circom/snarkjs,circuit,groth16,bn128,sha256,input/circuit/sha256/bytes/input_14.json,prove,522393,1056,0,,,,1
circom/rapidsnark,circuit,groth16,bn128,sha256,input/circuit/sha256/bytes/input_14.json,prove,522393,1056,0,,,,1
circom/snarkjs,circuit,groth16,bn128,sha256,input/circuit/sha256/bytes/input_14.json,verify,522393,1056,0,64892928,330,,1
circom/snarkjs,circuit,groth16,bn128,sha256,input/circuit/sha256/bytes/input_15.json,compile,522393,1056,0,3052257280,34410,,1
circom/snarkjs,circuit,groth16,bn128,sha256,input/circuit/sha256/bytes/input_15.json,witness,522393,1056,0,56848384,60,,1

circom/snarkjs,circuit,groth16,bn128,sha256,input/circuit/sha256/bytes/input_15.json,prove,522393,1056,0,,,,1
circom/rapidsnark,circuit,groth16,bn128,sha256,input/circuit/sha256/bytes/input_15.json,prove,522393,1056,0,,,,1
circom/snarkjs,circuit,groth16,bn128,sha256,input/circuit/sha256/bytes/input_15.json,verify,522393,1056,0,64946176,290,,1
circom/snarkjs,circuit,groth16,bn128,sha256,input/circuit/sha256/bytes/input_5.json,compile,522393,1056,0,3053654016,34490,,1
circom/snarkjs,circuit,groth16,bn128,sha256,input/circuit/sha256/bytes/input_5.json,witness,522393,1056,0,54177792,50,,1

circom/snarkjs,circuit,groth16,bn128,sha256,input/circuit/sha256/bytes/input_5.json,prove,522393,1056,0,,,,1
circom/rapidsnark,circuit,groth16,bn128,sha256,input/circuit/sha256/bytes/input_5.json,prove,522393,1056,0,,,,1
circom/snarkjs,circuit,groth16,bn128,sha256,input/circuit/sha256/bytes/input_5.json,verify,522393,1056,0,65007616,310,,1
circom/snarkjs,circuit,groth16,bn128,sha256,input/circuit/sha256/bytes/input_6.json,compile,522393,1056,0,3053285376,34550,,1
circom/snarkjs,circuit,groth16,bn128,sha256,input/circuit/sha256/bytes/input_6.json,witness,522393,1056,0,54181888,50,,1

circom/snarkjs,circuit,groth16,bn128,sha256,input/circuit/sha256/bytes/input_6.json,prove,522393,1056,0,,,,1
circom/rapidsnark,circuit,groth16,bn128,sha256,input/circuit/sha256/bytes/input_6.json,prove,522393,1056,0,,,,1
circom/snarkjs,circuit,groth16,bn128,sha256,input/circuit/sha256/bytes/input_6.json,verify,522393,1056,0,64987136,280,,1
circom/snarkjs,circuit,groth16,bn128,sha256,input/circuit/sha256/bytes/input_7.json,compile,522393,1056,0,3052232704,34470,,1
circom/snarkjs,circuit,groth16,bn128,sha256,input/circuit/sha256/bytes/input_7.json,witness,522393,1056,0,54312960,50,,1

circom/snarkjs,circuit,groth16,bn128,sha256,input/circuit/sha256/bytes/input_7.json,prove,522393,1056,0,,,,1
circom/rapidsnark,circuit,groth16,bn128,sha256,input/circuit/sha256/bytes/input_7.json,prove,522393,1056,0,,,,1
circom/snarkjs,circuit,groth16,bn128,sha256,input/circuit/sha256/bytes/input_7.json,verify,522393,1056,0,64921600,260,,1
circom/snarkjs,circuit,groth16,bn128,sha256,input/circuit/sha256/bytes/input_8.json,compile,522393,1056,0,3052650496,34390,,1
circom/snarkjs,circuit,groth16,bn128,sha256,input/circuit/sha256/bytes/input_8.json,witness,522393,1056,0,54190080,50,,1

circom/snarkjs,circuit,groth16,bn128,sha256,input/circuit/sha256/bytes/input_8.json,prove,522393,1056,0,,,,1
circom/rapidsnark,circuit,groth16,bn128,sha256,input/circuit/sha256/bytes/input_8.json,prove,522393,1056,0,,,,1
circom/snarkjs,circuit,groth16,bn128,sha256,input/circuit/sha256/bytes/input_8.json,verify,522393,1056,0,64954368,300,,1
circom/snarkjs,circuit,groth16,bn128,sha256,input/circuit/sha256/bytes/input_9.json,compile,522393,1056,0,3053527040,34440,,1
circom/snarkjs,circuit,groth16,bn128,sha256,input/circuit/sha256/bytes/input_9.json,witness,522393,1056,0,54247424,50,,1

circom/snarkjs,circuit,groth16,bn128,sha256,input/circuit/sha256/bytes/input_9.json,prove,522393,1056,0,,,,1
circom/rapidsnark,circuit,groth16,bn128,sha256,input/circuit/sha256/bytes/input_9.json,prove,522393,1056,0,,,,1
circom/snarkjs,circuit,groth16,bn128,sha256,input/circuit/sha256/bytes/input_9.json,verify,522393,1056,0,64983040,270,,1
circom/snarkjs,circuit,groth16,bn128,sha256,input/circuit/sha256/bytes/input_10.json,compile,522393,1056,0,3052244992,34480,,1
circom/snarkjs,circuit,groth16,bn128,sha256,input/circuit/sha256/bytes/input_10.json,witness,522393,1056,0,217800704,1360,,1
circom/snarkjs,circuit,groth16,bn128,sha256,input/circuit/sha256/bytes/input_10.json,setup,522393,1056,0,2706415616,247250,,1
circom/snarkjs,circuit,groth16,bn128,sha256,input/circuit/sha256/bytes/input_10.json,prove,522393,1056,0,3039199232,17050,707,1
circom/rapidsnark,circuit,groth16,bn128,sha256,input/circuit/sha256/bytes/input_10.json,prove,522393,1056,0,588890112,1750,707,1
circom/snarkjs,circuit,groth16,bn128,sha256,input/circuit/sha256/bytes/input_10.json,verify,522393,1056,0,161062912,750,,1
circom/snarkjs,circuit,groth16,bn128,sha256,input/circuit/sha256/bytes/input_11.json,compile,522393,1056,0,3052265472,34240,,1
circom/snarkjs,circuit,groth16,bn128,sha256,input/circuit/sha256/bytes/input_11.json,witness,522393,1056,0,54427648,50,,1

circom/snarkjs,circuit,groth16,bn128,sha256,input/circuit/sha256/bytes/input_11.json,prove,522393,1056,0,,,,1
circom/rapidsnark,circuit,groth16,bn128,sha256,input/circuit/sha256/bytes/input_11.json,prove,522393,1056,0,,,,1
circom/snarkjs,circuit,groth16,bn128,sha256,input/circuit/sha256/bytes/input_11.json,verify,522393,1056,0,64962560,260,,1
circom/snarkjs,circuit,groth16,bn128,sha256,input/circuit/sha256/bytes/input_12.json,compile,522393,1056,0,3052974080,34450,,1
circom/snarkjs,circuit,groth16,bn128,sha256,input/circuit/sha256/bytes/input_12.json,witness,522393,1056,0,54394880,50,,1

circom/snarkjs,circuit,groth16,bn128,sha256,input/circuit/sha256/bytes/input_12.json,prove,522393,1056,0,,,,1
circom/rapidsnark,circuit,groth16,bn128,sha256,input/circuit/sha256/bytes/input_12.json,prove,522393,1056,0,,,,1
circom/snarkjs,circuit,groth16,bn128,sha256,input/circuit/sha256/bytes/input_12.json,verify,522393,1056,0,64761856,330,,1
circom/snarkjs,circuit,groth16,bn128,sha256,input/circuit/sha256/bytes/input_13.json,compile,522393,1056,0,3053002752,34330,,1
circom/snarkjs,circuit,groth16,bn128,sha256,input/circuit/sha256/bytes/input_13.json,witness,522393,1056,0,55881728,60,,1

circom/snarkjs,circuit,groth16,bn128,sha256,input/circuit/sha256/bytes/input_13.json,prove,522393,1056,0,,,,1
circom/rapidsnark,circuit,groth16,bn128,sha256,input/circuit/sha256/bytes/input_13.json,prove,522393,1056,0,,,,1
circom/snarkjs,circuit,groth16,bn128,sha256,input/circuit/sha256/bytes/input_13.json,verify,522393,1056,0,65015808,320,,1
circom/snarkjs,circuit,groth16,bn128,sha256,input/circuit/sha256/bytes/input_14.json,compile,522393,1056,0,3052617728,34350,,1
circom/snarkjs,circuit,groth16,bn128,sha256,input/circuit/sha256/bytes/input_14.json,witness,522393,1056,0,56254464,60,,1

circom/snarkjs,circuit,groth16,bn128,sha256,input/circuit/sha256/bytes/input_14.json,prove,522393,1056,0,,,,1
circom/rapidsnark,circuit,groth16,bn128,sha256,input/circuit/sha256/bytes/input_14.json,prove,522393,1056,0,,,,1
circom/snarkjs,circuit,groth16,bn128,sha256,input/circuit/sha256/bytes/input_14.json,verify,522393,1056,0,64913408,260,,1
circom/snarkjs,circuit,groth16,bn128,sha256,input/circuit/sha256/bytes/input_15.json,compile,522393,1056,0,3039248384,34350,,1
circom/snarkjs,circuit,groth16,bn128,sha256,input/circuit/sha256/bytes/input_15.json,witness,522393,1056,0,56766464,60,,1

circom/snarkjs,circuit,groth16,bn128,sha256,input/circuit/sha256/bytes/input_15.json,prove,522393,1056,0,,,,1
circom/rapidsnark,circuit,groth16,bn128,sha256,input/circuit/sha256/bytes/input_15.json,prove,522393,1056,0,,,,1
circom/snarkjs,circuit,groth16,bn128,sha256,input/circuit/sha256/bytes/input_15.json,verify,522393,1056,0,64966656,260,,1
circom/snarkjs,circuit,groth16,bn128,sha256,input/circuit/sha256/bytes/input_5.json,compile,522393,1056,0,3054841856,34470,,1
circom/snarkjs,circuit,groth16,bn128,sha256,input/circuit/sha256/bytes/input_5.json,witness,522393,1056,0,54185984,50,,1

circom/snarkjs,circuit,groth16,bn128,sha256,input/circuit/sha256/bytes/input_5.json,prove,522393,1056,0,,,,1
circom/rapidsnark,circuit,groth16,bn128,sha256,input/circuit/sha256/bytes/input_5.json,prove,522393,1056,0,,,,1
circom/snarkjs,circuit,groth16,bn128,sha256,input/circuit/sha256/bytes/input_5.json,verify,522393,1056,0,64950272,270,,1
circom/snarkjs,circuit,groth16,bn128,sha256,input/circuit/sha256/bytes/input_6.json,compile,522393,1056,0,3054190592,34270,,1
circom/snarkjs,circuit,groth16,bn128,sha256,input/circuit/sha256/bytes/input_6.json,witness,522393,1056,0,54353920,50,,1

circom/snarkjs,circuit,groth16,bn128,sha256,input/circuit/sha256/bytes/input_6.json,prove,522393,1056,0,,,,1
circom/rapidsnark,circuit,groth16,bn128,sha256,input/circuit/sha256/bytes/input_6.json,prove,522393,1056,0,,,,1
circom/snarkjs,circuit,groth16,bn128,sha256,input/circuit/sha256/bytes/input_6.json,verify,522393,1056,0,64983040,300,,1
circom/snarkjs,circuit,groth16,bn128,sha256,input/circuit/sha256/bytes/input_7.json,compile,522393,1056,0,3052818432,34410,,1
circom/snarkjs,circuit,groth16,bn128,sha256,input/circuit/sha256/bytes/input_7.json,witness,522393,1056,0,54628352,50,,1

circom/snarkjs,circuit,groth16,bn128,sha256,input/circuit/sha256/bytes/input_7.json,prove,522393,1056,0,,,,1
circom/rapidsnark,circuit,groth16,bn128,sha256,input/circuit/sha256/bytes/input_7.json,prove,522393,1056,0,,,,1
circom/snarkjs,circuit,groth16,bn128,sha256,input/circuit/sha256/bytes/input_7.json,verify,522393,1056,0,64827392,270,,1
circom/snarkjs,circuit,groth16,bn128,sha256,input/circuit/sha256/bytes/input_8.json,compile,522393,1056,0,3051900928,34360,,1
circom/snarkjs,circuit,groth16,bn128,sha256,input/circuit/sha256/bytes/input_8.json,witness,522393,1056,0,54214656,50,,1

circom/snarkjs,circuit,groth16,bn128,sha256,input/circuit/sha256/bytes/input_8.json,prove,522393,1056,0,,,,1
circom/rapidsnark,circuit,groth16,bn128,sha256,input/circuit/sha256/bytes/input_8.json,prove,522393,1056,0,,,,1
circom/snarkjs,circuit,groth16,bn128,sha256,input/circuit/sha256/bytes/input_8.json,verify,522393,1056,0,64978944,280,,1
circom/snarkjs,circuit,groth16,bn128,sha256,input/circuit/sha256/bytes/input_9.json,compile,522393,1056,0,3053215744,34570,,1
circom/snarkjs,circuit,groth16,bn128,sha256,input/circuit/sha256/bytes/input_9.json,witness,522393,1056,0,54882304,50,,1

circom/snarkjs,circuit,groth16,bn128,sha256,input/circuit/sha256/bytes/input_9.json,prove,522393,1056,0,,,,1
circom/rapidsnark,circuit,groth16,bn128,sha256,input/circuit/sha256/bytes/input_9.json,prove,522393,1056,0,,,,1
circom/snarkjs,circuit,groth16,bn128,sha256,input/circuit/sha256/bytes/input_9.json,verify,522393,1056,0,64937984,300,,1
circom/snarkjs,circuit,groth16,bn128,sha256,input/circuit/sha256/bytes/input_10.json,compile,522393,1056,0,3051900928,34540,,1
circom/snarkjs,circuit,groth16,bn128,sha256,input/circuit/sha256/bytes/input_10.json,witness,522393,1056,0,217706496,1350,,1
circom/snarkjs,circuit,groth16,bn128,sha256,input/circuit/sha256/bytes/input_10.json,setup,522393,1056,0,2689511424,243330,,1
circom/snarkjs,circuit,groth16,bn128,sha256,input/circuit/sha256/bytes/input_10.json,prove,522393,1056,0,2975744000,17220,707,1
circom/rapidsnark,circuit,groth16,bn128,sha256,input/circuit/sha256/bytes/input_10.json,prove,522393,1056,0,588836864,1740,707,1
circom/snarkjs,circuit,groth16,bn128,sha256,input/circuit/sha256/bytes/input_10.json,verify,522393,1056,0,160960512,750,,1
circom/snarkjs,circuit,groth16,bn128,sha256,input/circuit/sha256/bytes/input_11.json,compile,522393,1056,0,3052433408,34330,,1
circom/snarkjs,circuit,groth16,bn128,sha256,input/circuit/sha256/bytes/input_11.json,witness,522393,1056,0,54296576,50,,1

circom/snarkjs,circuit,groth16,bn128,sha256,input/circuit/sha256/bytes/input_11.json,prove,522393,1056,0,,,,1
circom/rapidsnark,circuit,groth16,bn128,sha256,input/circuit/sha256/bytes/input_11.json,prove,522393,1056,0,,,,1
circom/snarkjs,circuit,groth16,bn128,sha256,input/circuit/sha256/bytes/input_11.json,verify,522393,1056,0,64872448,280,,1
circom/snarkjs,circuit,groth16,bn128,sha256,input/circuit/sha256/bytes/input_12.json,compile,522393,1056,0,3052687360,34410,,1
circom/snarkjs,circuit,groth16,bn128,sha256,input/circuit/sha256/bytes/input_12.json,witness,522393,1056,0,54448128,60,,1

circom/snarkjs,circuit,groth16,bn128,sha256,input/circuit/sha256/bytes/input_12.json,prove,522393,1056,0,,,,1
circom/rapidsnark,circuit,groth16,bn128,sha256,input/circuit/sha256/bytes/input_12.json,prove,522393,1056,0,,,,1
circom/snarkjs,circuit,groth16,bn128,sha256,input/circuit/sha256/bytes/input_12.json,verify,522393,1056,0,65097728,240,,1
circom/snarkjs,circuit,groth16,bn128,sha256,input/circuit/sha256/bytes/input_13.json,compile,522393,1056,0,3052380160,34180,,1
circom/snarkjs,circuit,groth16,bn128,sha256,input/circuit/sha256/bytes/input_13.json,witness,522393,1056,0,55939072,60,,1

circom/snarkjs,circuit,groth16,bn128,sha256,input/circuit/sha256/bytes/input_13.json,prove,522393,1056,0,,,,1
circom/rapidsnark,circuit,groth16,bn128,sha256,input/circuit/sha256/bytes/input_13.json,prove,522393,1056,0,,,,1
circom/snarkjs,circuit,groth16,bn128,sha256,input/circuit/sha256/bytes/input_13.json,verify,522393,1056,0,64929792,270,,1
circom/snarkjs,circuit,groth16,bn128,sha256,input/circuit/sha256/bytes/input_14.json,compile,522393,1056,0,3052900352,34680,,1
circom/snarkjs,circuit,groth16,bn128,sha256,input/circuit/sha256/bytes/input_14.json,witness,522393,1056,0,56266752,60,,1

circom/snarkjs,circuit,groth16,bn128,sha256,input/circuit/sha256/bytes/input_14.json,prove,522393,1056,0,,,,1
circom/rapidsnark,circuit,groth16,bn128,sha256,input/circuit/sha256/bytes/input_14.json,prove,522393,1056,0,,,,1
circom/snarkjs,circuit,groth16,bn128,sha256,input/circuit/sha256/bytes/input_14.json,verify,522393,1056,0,64929792,270,,1
circom/snarkjs,circuit,groth16,bn128,sha256,input/circuit/sha256/bytes/input_15.json,compile,522393,1056,0,3053600768,34540,,1
circom/snarkjs,circuit,groth16,bn128,sha256,input/circuit/sha256/bytes/input_15.json,witness,522393,1056,0,56741888,60,,1

circom/snarkjs,circuit,groth16,bn128,sha256,input/circuit/sha256/bytes/input_15.json,prove,522393,1056,0,,,,1
circom/rapidsnark,circuit,groth16,bn128,sha256,input/circuit/sha256/bytes/input_15.json,prove,522393,1056,0,,,,1
circom/snarkjs,circuit,groth16,bn128,sha256,input/circuit/sha256/bytes/input_15.json,verify,522393,1056,0,64876544,250,,1
circom/snarkjs,circuit,groth16,bn128,sha256,input/circuit/sha256/bytes/input_5.json,compile,522393,1056,0,3053432832,34560,,1
circom/snarkjs,circuit,groth16,bn128,sha256,input/circuit/sha256/bytes/input_5.json,witness,522393,1056,0,54235136,50,,1

circom/snarkjs,circuit,groth16,bn128,sha256,input/circuit/sha256/bytes/input_5.json,prove,522393,1056,0,,,,1
circom/rapidsnark,circuit,groth16,bn128,sha256,input/circuit/sha256/bytes/input_5.json,prove,522393,1056,0,,,,1
circom/snarkjs,circuit,groth16,bn128,sha256,input/circuit/sha256/bytes/input_5.json,verify,522393,1056,0,64962560,260,,1
circom/snarkjs,circuit,groth16,bn128,sha256,input/circuit/sha256/bytes/input_6.json,compile,522393,1056,0,3053944832,34390,,1
circom/snarkjs,circuit,groth16,bn128,sha256,input/circuit/sha256/bytes/input_6.json,witness,522393,1056,0,54206464,50,,1

circom/snarkjs,circuit,groth16,bn128,sha256,input/circuit/sha256/bytes/input_6.json,prove,522393,1056,0,,,,1
circom/rapidsnark,circuit,groth16,bn128,sha256,input/circuit/sha256/bytes/input_6.json,prove,522393,1056,0,,,,1
circom/snarkjs,circuit,groth16,bn128,sha256,input/circuit/sha256/bytes/input_6.json,verify,522393,1056,0,64901120,260,,1
circom/snarkjs,circuit,groth16,bn128,sha256,input/circuit/sha256/bytes/input_7.json,compile,522393,1056,0,3052412928,34540,,1
circom/snarkjs,circuit,groth16,bn128,sha256,input/circuit/sha256/bytes/input_7.json,witness,522393,1056,0,54861824,50,,1

circom/snarkjs,circuit,groth16,bn128,sha256,input/circuit/sha256/bytes/input_7.json,prove,522393,1056,0,,,,1
circom/rapidsnark,circuit,groth16,bn128,sha256,input/circuit/sha256/bytes/input_7.json,prove,522393,1056,0,,,,1
circom/snarkjs,circuit,groth16,bn128,sha256,input/circuit/sha256/bytes/input_7.json,verify,522393,1056,0,65130496,300,,1
circom/snarkjs,circuit,groth16,bn128,sha256,input/circuit/sha256/bytes/input_8.json,compile,522393,1056,0,3052941312,34380,,1
circom/snarkjs,circuit,groth16,bn128,sha256,input/circuit/sha256/bytes/input_8.json,witness,522393,1056,0,55255040,50,,1

circom/snarkjs,circuit,groth16,bn128,sha256,input/circuit/sha256/bytes/input_8.json,prove,522393,1056,0,,,,1
circom/rapidsnark,circuit,groth16,bn128,sha256,input/circuit/sha256/bytes/input_8.json,prove,522393,1056,0,,,,1
circom/snarkjs,circuit,groth16,bn128,sha256,input/circuit/sha256/bytes/input_8.json,verify,522393,1056,0,64958464,260,,1
circom/snarkjs,circuit,groth16,bn128,sha256,input/circuit/sha256/bytes/input_9.json,compile,522393,1056,0,3053207552,34420,,1
circom/snarkjs,circuit,groth16,bn128,sha256,input/circuit/sha256/bytes/input_9.json,witness,522393,1056,0,54243328,50,,1

circom/snarkjs,circuit,groth16,bn128,sha256,input/circuit/sha256/bytes/input_9.json,prove,522393,1056,0,,,,1
circom/rapidsnark,circuit,groth16,bn128,sha256,input/circuit/sha256/bytes/input_9.json,prove,522393,1056,0,,,,1
circom/snarkjs,circuit,groth16,bn128,sha256,input/circuit/sha256/bytes/input_9.json,verify,522393,1056,0,65028096,310,,1
circom/snarkjs,circuit,groth16,bn128,sha256,input/circuit/sha256/bytes/input_10.json,compile,522393,1056,0,3053699072,34620,,1
circom/snarkjs,circuit,groth16,bn128,sha256,input/circuit/sha256/bytes/input_10.json,witness,522393,1056,0,217837568,1350,,1
circom/snarkjs,circuit,groth16,bn128,sha256,input/circuit/sha256/bytes/input_10.json,setup,522393,1056,0,2703187968,247260,,1
circom/snarkjs,circuit,groth16,bn128,sha256,input/circuit/sha256/bytes/input_10.json,prove,522393,1056,0,2953654272,17250,705,1
circom/rapidsnark,circuit,groth16,bn128,sha256,input/circuit/sha256/bytes/input_10.json,prove,522393,1056,0,588828672,1740,705,1
circom/snarkjs,circuit,groth16,bn128,sha256,input/circuit/sha256/bytes/input_10.json,verify,522393,1056,0,160727040,760,,1
circom/snarkjs,circuit,groth16,bn128,sha256,input/circuit/sha256/bytes/input_11.json,compile,522393,1056,0,3052212224,34570,,1
circom/snarkjs,circuit,groth16,bn128,sha256,input/circuit/sha256/bytes/input_11.json,witness,522393,1056,0,54652928,50,,1

circom/snarkjs,circuit,groth16,bn128,sha256,input/circuit/sha256/bytes/input_11.json,prove,522393,1056,0,,,,1
circom/rapidsnark,circuit,groth16,bn128,sha256,input/circuit/sha256/bytes/input_11.json,prove,522393,1056,0,,,,1
circom/snarkjs,circuit,groth16,bn128,sha256,input/circuit/sha256/bytes/input_11.json,verify,522393,1056,0,64860160,250,,1
circom/snarkjs,circuit,groth16,bn128,sha256,input/circuit/sha256/bytes/input_12.json,compile,522393,1056,0,3052777472,34580,,1
circom/snarkjs,circuit,groth16,bn128,sha256,input/circuit/sha256/bytes/input_12.json,witness,522393,1056,0,54394880,50,,1

circom/snarkjs,circuit,groth16,bn128,sha256,input/circuit/sha256/bytes/input_12.json,prove,522393,1056,0,,,,1
circom/rapidsnark,circuit,groth16,bn128,sha256,input/circuit/sha256/bytes/input_12.json,prove,522393,1056,0,,,,1
circom/snarkjs,circuit,groth16,bn128,sha256,input/circuit/sha256/bytes/input_12.json,verify,522393,1056,0,64880640,250,,1
circom/snarkjs,circuit,groth16,bn128,sha256,input/circuit/sha256/bytes/input_13.json,compile,522393,1056,0,3053858816,34440,,1
circom/snarkjs,circuit,groth16,bn128,sha256,input/circuit/sha256/bytes/input_13.json,witness,522393,1056,0,55877632,60,,1

circom/snarkjs,circuit,groth16,bn128,sha256,input/circuit/sha256/bytes/input_13.json,prove,522393,1056,0,,,,1
circom/rapidsnark,circuit,groth16,bn128,sha256,input/circuit/sha256/bytes/input_13.json,prove,522393,1056,0,,,,1
circom/snarkjs,circuit,groth16,bn128,sha256,input/circuit/sha256/bytes/input_13.json,verify,522393,1056,0,65101824,260,,1
circom/snarkjs,circuit,groth16,bn128,sha256,input/circuit/sha256/bytes/input_14.json,compile,522393,1056,0,3038015488,34600,,1
circom/snarkjs,circuit,groth16,bn128,sha256,input/circuit/sha256/bytes/input_14.json,witness,522393,1056,0,56217600,60,,1

circom/snarkjs,circuit,groth16,bn128,sha256,input/circuit/sha256/bytes/input_14.json,prove,522393,1056,0,,,,1
circom/rapidsnark,circuit,groth16,bn128,sha256,input/circuit/sha256/bytes/input_14.json,prove,522393,1056,0,,,,1
circom/snarkjs,circuit,groth16,bn128,sha256,input/circuit/sha256/bytes/input_14.json,verify,522393,1056,0,65089536,320,,1
circom/snarkjs,circuit,groth16,bn128,sha256,input/circuit/sha256/bytes/input_15.json,compile,522393,1056,0,3053686784,34680,,1
circom/snarkjs,circuit,groth16,bn128,sha256,input/circuit/sha256/bytes/input_15.json,witness,522393,1056,0,56659968,60,,1

circom/snarkjs,circuit,groth16,bn128,sha256,input/circuit/sha256/bytes/input_15.json,prove,522393,1056,0,,,,1
circom/rapidsnark,circuit,groth16,bn128,sha256,input/circuit/sha256/bytes/input_15.json,prove,522393,1056,0,,,,1
circom/snarkjs,circuit,groth16,bn128,sha256,input/circuit/sha256/bytes/input_15.json,verify,522393,1056,0,64839680,270,,1
circom/snarkjs,circuit,groth16,bn128,sha256,input/circuit/sha256/bytes/input_5.json,compile,522393,1056,0,3052806144,34910,,1
circom/snarkjs,circuit,groth16,bn128,sha256,input/circuit/sha256/bytes/input_5.json,witness,522393,1056,0,54419456,50,,1

circom/snarkjs,circuit,groth16,bn128,sha256,input/circuit/sha256/bytes/input_5.json,prove,522393,1056,0,,,,1
circom/rapidsnark,circuit,groth16,bn128,sha256,input/circuit/sha256/bytes/input_5.json,prove,522393,1056,0,,,,1
circom/snarkjs,circuit,groth16,bn128,sha256,input/circuit/sha256/bytes/input_5.json,verify,522393,1056,0,64942080,250,,1
circom/snarkjs,circuit,groth16,bn128,sha256,input/circuit/sha256/bytes/input_6.json,compile,522393,1056,0,3052363776,35040,,1
circom/snarkjs,circuit,groth16,bn128,sha256,input/circuit/sha256/bytes/input_6.json,witness,522393,1056,0,55062528,50,,1

circom/snarkjs,circuit,groth16,bn128,sha256,input/circuit/sha256/bytes/input_6.json,prove,522393,1056,0,,,,1
circom/rapidsnark,circuit,groth16,bn128,sha256,input/circuit/sha256/bytes/input_6.json,prove,522393,1056,0,,,,1
circom/snarkjs,circuit,groth16,bn128,sha256,input/circuit/sha256/bytes/input_6.json,verify,522393,1056,0,64970752,280,,1
circom/snarkjs,circuit,groth16,bn128,sha256,input/circuit/sha256/bytes/input_7.json,compile,522393,1056,0,3051929600,34710,,1
circom/snarkjs,circuit,groth16,bn128,sha256,input/circuit/sha256/bytes/input_7.json,witness,522393,1056,0,54226944,50,,1

circom/snarkjs,circuit,groth16,bn128,sha256,input/circuit/sha256/bytes/input_7.json,prove,522393,1056,0,,,,1
circom/rapidsnark,circuit,groth16,bn128,sha256,input/circuit/sha256/bytes/input_7.json,prove,522393,1056,0,,,,1
circom/snarkjs,circuit,groth16,bn128,sha256,input/circuit/sha256/bytes/input_7.json,verify,522393,1056,0,64839680,270,,1
circom/snarkjs,circuit,groth16,bn128,sha256,input/circuit/sha256/bytes/input_8.json,compile,522393,1056,0,3015405568,34400,,1
circom/snarkjs,circuit,groth16,bn128,sha256,input/circuit/sha256/bytes/input_8.json,witness,522393,1056,0,55156736,50,,1

circom/snarkjs,circuit,groth16,bn128,sha256,input/circuit/sha256/bytes/input_8.json,prove,522393,1056,0,,,,1
circom/rapidsnark,circuit,groth16,bn128,sha256,input/circuit/sha256/bytes/input_8.json,prove,522393,1056,0,,,,1
circom/snarkjs,circuit,groth16,bn128,sha256,input/circuit/sha256/bytes/input_8.json,verify,522393,1056,0,64983040,290,,1
circom/snarkjs,circuit,groth16,bn128,sha256,input/circuit/sha256/bytes/input_9.json,compile,522393,1056,0,3052744704,34320,,1
circom/snarkjs,circuit,groth16,bn128,sha256,input/circuit/sha256/bytes/input_9.json,witness,522393,1056,0,54583296,50,,1

circom/snarkjs,circuit,groth16,bn128,sha256,input/circuit/sha256/bytes/input_9.json,prove,522393,1056,0,,,,1
circom/rapidsnark,circuit,groth16,bn128,sha256,input/circuit/sha256/bytes/input_9.json,prove,522393,1056,0,,,,1
circom/snarkjs,circuit,groth16,bn128,sha256,input/circuit/sha256/bytes/input_9.json,verify,522393,1056,0,64954368,250,,1
circom/snarkjs,circuit,groth16,bn128,sha256,input/circuit/sha256/bytes/input_10.json,compile,522393,1056,0,3051892736,34320,,1
circom/snarkjs,circuit,groth16,bn128,sha256,input/circuit/sha256/bytes/input_10.json,witness,522393,1056,0,217993216,1350,,1
circom/snarkjs,circuit,groth16,bn128,sha256,input/circuit/sha256/bytes/input_10.json,setup,522393,1056,0,2684850176,243900,,1
circom/snarkjs,circuit,groth16,bn128,sha256,input/circuit/sha256/bytes/input_10.json,prove,522393,1056,0,3003920384,17010,707,1
circom/rapidsnark,circuit,groth16,bn128,sha256,input/circuit/sha256/bytes/input_10.json,prove,522393,1056,0,588886016,1740,707,1
circom/snarkjs,circuit,groth16,bn128,sha256,input/circuit/sha256/bytes/input_10.json,verify,522393,1056,0,160780288,730,,1
circom/snarkjs,circuit,groth16,bn128,sha256,input/circuit/sha256/bytes/input_11.json,compile,522393,1056,0,3052834816,34490,,1
circom/snarkjs,circuit,groth16,bn128,sha256,input/circuit/sha256/bytes/input_11.json,witness,522393,1056,0,54349824,50,,1

circom/snarkjs,circuit,groth16,bn128,sha256,input/circuit/sha256/bytes/input_11.json,prove,522393,1056,0,,,,1
circom/rapidsnark,circuit,groth16,bn128,sha256,input/circuit/sha256/bytes/input_11.json,prove,522393,1056,0,,,,1
circom/snarkjs,circuit,groth16,bn128,sha256,input/circuit/sha256/bytes/input_11.json,verify,522393,1056,0,64991232,290,,1
circom/snarkjs,circuit,groth16,bn128,sha256,input/circuit/sha256/bytes/input_12.json,compile,522393,1056,0,3053993984,34150,,1
circom/snarkjs,circuit,groth16,bn128,sha256,input/circuit/sha256/bytes/input_12.json,witness,522393,1056,0,54435840,60,,1

circom/snarkjs,circuit,groth16,bn128,sha256,input/circuit/sha256/bytes/input_12.json,prove,522393,1056,0,,,,1
circom/rapidsnark,circuit,groth16,bn128,sha256,input/circuit/sha256/bytes/input_12.json,prove,522393,1056,0,,,,1
circom/snarkjs,circuit,groth16,bn128,sha256,input/circuit/sha256/bytes/input_12.json,verify,522393,1056,0,64946176,300,,1
circom/snarkjs,circuit,groth16,bn128,sha256,input/circuit/sha256/bytes/input_13.json,compile,522393,1056,0,3053117440,34440,,1
circom/snarkjs,circuit,groth16,bn128,sha256,input/circuit/sha256/bytes/input_13.json,witness,522393,1056,0,55984128,60,,1

circom/snarkjs,circuit,groth16,bn128,sha256,input/circuit/sha256/bytes/input_13.json,prove,522393,1056,0,,,,1
circom/rapidsnark,circuit,groth16,bn128,sha256,input/circuit/sha256/bytes/input_13.json,prove,522393,1056,0,,,,1
circom/snarkjs,circuit,groth16,bn128,sha256,input/circuit/sha256/bytes/input_13.json,verify,522393,1056,0,64835584,260,,1
circom/snarkjs,circuit,groth16,bn128,sha256,input/circuit/sha256/bytes/input_14.json,compile,522393,1056,0,3052314624,34410,,1
circom/snarkjs,circuit,groth16,bn128,sha256,input/circuit/sha256/bytes/input_14.json,witness,522393,1056,0,56242176,60,,1

circom/snarkjs,circuit,groth16,bn128,sha256,input/circuit/sha256/bytes/input_14.json,prove,522393,1056,0,,,,1
circom/rapidsnark,circuit,groth16,bn128,sha256,input/circuit/sha256/bytes/input_14.json,prove,522393,1056,0,,,,1
circom/snarkjs,circuit,groth16,bn128,sha256,input/circuit/sha256/bytes/input_14.json,verify,522393,1056,0,64884736,280,,1
circom/snarkjs,circuit,groth16,bn128,sha256,input/circuit/sha256/bytes/input_15.json,compile,522393,1056,0,3053264896,34340,,1
circom/snarkjs,circuit,groth16,bn128,sha256,input/circuit/sha256/bytes/input_15.json,witness,522393,1056,0,56758272,60,,1

circom/snarkjs,circuit,groth16,bn128,sha256,input/circuit/sha256/bytes/input_15.json,prove,522393,1056,0,,,,1
circom/rapidsnark,circuit,groth16,bn128,sha256,input/circuit/sha256/bytes/input_15.json,prove,522393,1056,0,,,,1
circom/snarkjs,circuit,groth16,bn128,sha256,input/circuit/sha256/bytes/input_15.json,verify,522393,1056,0,64913408,280,,1
circom/snarkjs,circuit,groth16,bn128,sha256,input/circuit/sha256/bytes/input_5.json,compile,522393,1056,0,3052052480,34770,,1
circom/snarkjs,circuit,groth16,bn128,sha256,input/circuit/sha256/bytes/input_5.json,witness,522393,1056,0,54841344,50,,1

circom/snarkjs,circuit,groth16,bn128,sha256,input/circuit/sha256/bytes/input_5.json,prove,522393,1056,0,,,,1
circom/rapidsnark,circuit,groth16,bn128,sha256,input/circuit/sha256/bytes/input_5.json,prove,522393,1056,0,,,,1
circom/snarkjs,circuit,groth16,bn128,sha256,input/circuit/sha256/bytes/input_5.json,verify,522393,1056,0,64819200,300,,1
circom/snarkjs,circuit,groth16,bn128,sha256,input/circuit/sha256/bytes/input_6.json,compile,522393,1056,0,3053260800,35680,,1
circom/snarkjs,circuit,groth16,bn128,sha256,input/circuit/sha256/bytes/input_6.json,witness,522393,1056,0,54448128,50,,1

circom/snarkjs,circuit,groth16,bn128,sha256,input/circuit/sha256/bytes/input_6.json,prove,522393,1056,0,,,,1
circom/rapidsnark,circuit,groth16,bn128,sha256,input/circuit/sha256/bytes/input_6.json,prove,522393,1056,0,,,,1
circom/snarkjs,circuit,groth16,bn128,sha256,input/circuit/sha256/bytes/input_6.json,verify,522393,1056,0,64872448,290,,1
circom/snarkjs,circuit,groth16,bn128,sha256,input/circuit/sha256/bytes/input_7.json,compile,522393,1056,0,3052728320,35270,,1
circom/snarkjs,circuit,groth16,bn128,sha256,input/circuit/sha256/bytes/input_7.json,witness,522393,1056,0,54177792,50,,1

circom/snarkjs,circuit,groth16,bn128,sha256,input/circuit/sha256/bytes/input_7.json,prove,522393,1056,0,,,,1
circom/rapidsnark,circuit,groth16,bn128,sha256,input/circuit/sha256/bytes/input_7.json,prove,522393,1056,0,,,,1
circom/snarkjs,circuit,groth16,bn128,sha256,input/circuit/sha256/bytes/input_7.json,verify,522393,1056,0,64839680,250,,1
circom/snarkjs,circuit,groth16,bn128,sha256,input/circuit/sha256/bytes/input_8.json,compile,522393,1056,0,3052523520,35520,,1
circom/snarkjs,circuit,groth16,bn128,sha256,input/circuit/sha256/bytes/input_8.json,witness,522393,1056,0,54206464,50,,1

circom/snarkjs,circuit,groth16,bn128,sha256,input/circuit/sha256/bytes/input_8.json,prove,522393,1056,0,,,,1
circom/rapidsnark,circuit,groth16,bn128,sha256,input/circuit/sha256/bytes/input_8.json,prove,522393,1056,0,,,,1
circom/snarkjs,circuit,groth16,bn128,sha256,input/circuit/sha256/bytes/input_8.json,verify,522393,1056,0,65085440,260,,1
circom/snarkjs,circuit,groth16,bn128,sha256,input/circuit/sha256/bytes/input_9.json,compile,522393,1056,0,3052556288,35740,,1
circom/snarkjs,circuit,groth16,bn128,sha256,input/circuit/sha256/bytes/input_9.json,witness,522393,1056,0,54288384,60,,1

circom/snarkjs,circuit,groth16,bn128,sha256,input/circuit/sha256/bytes/input_9.json,prove,522393,1056,0,,,,1
circom/rapidsnark,circuit,groth16,bn128,sha256,input/circuit/sha256/bytes/input_9.json,prove,522393,1056,0,,,,1
circom/snarkjs,circuit,groth16,bn128,sha256,input/circuit/sha256/bytes/input_9.json,verify,522393,1056,0,65032192,320,,1
circom/snarkjs,circuit,groth16,bn128,sha256,input/circuit/sha256/bytes/input_10.json,compile,522393,1056,0,3051462656,34870,,1
circom/snarkjs,circuit,groth16,bn128,sha256,input/circuit/sha256/bytes/input_10.json,witness,522393,1056,0,218988544,1350,,1
circom/snarkjs,circuit,groth16,bn128,sha256,input/circuit/sha256/bytes/input_10.json,setup,522393,1056,0,2698870784,247670,,1
circom/snarkjs,circuit,groth16,bn128,sha256,input/circuit/sha256/bytes/input_10.json,prove,522393,1056,0,3103817728,17310,708,1
circom/rapidsnark,circuit,groth16,bn128,sha256,input/circuit/sha256/bytes/input_10.json,prove,522393,1056,0,588894208,1740,708,1
circom/snarkjs,circuit,groth16,bn128,sha256,input/circuit/sha256/bytes/input_10.json,verify,522393,1056,0,160759808,750,,1
circom/snarkjs,circuit,groth16,bn128,sha256,input/circuit/sha256/bytes/input_11.json,compile,522393,1056,0,3053379584,34170,,1
circom/snarkjs,circuit,groth16,bn128,sha256,input/circuit/sha256/bytes/input_11.json,witness,522393,1056,0,54296576,50,,1

circom/snarkjs,circuit,groth16,bn128,sha256,input/circuit/sha256/bytes/input_11.json,prove,522393,1056,0,,,,1
circom/rapidsnark,circuit,groth16,bn128,sha256,input/circuit/sha256/bytes/input_11.json,prove,522393,1056,0,,,,1
circom/snarkjs,circuit,groth16,bn128,sha256,input/circuit/sha256/bytes/input_11.json,verify,522393,1056,0,64917504,280,,1
circom/snarkjs,circuit,groth16,bn128,sha256,input/circuit/sha256/bytes/input_12.json,compile,522393,1056,0,3053666304,34730,,1
circom/snarkjs,circuit,groth16,bn128,sha256,input/circuit/sha256/bytes/input_12.json,witness,522393,1056,0,54398976,50,,1

circom/snarkjs,circuit,groth16,bn128,sha256,input/circuit/sha256/bytes/input_12.json,prove,522393,1056,0,,,,1
circom/rapidsnark,circuit,groth16,bn128,sha256,input/circuit/sha256/bytes/input_12.json,prove,522393,1056,0,,,,1
circom/snarkjs,circuit,groth16,bn128,sha256,input/circuit/sha256/bytes/input_12.json,verify,522393,1056,0,64925696,260,,1
circom/snarkjs,circuit,groth16,bn128,sha256,input/circuit/sha256/bytes/input_13.json,compile,522393,1056,0,3052773376,34500,,1
circom/snarkjs,circuit,groth16,bn128,sha256,input/circuit/sha256/bytes/input_13.json,witness,522393,1056,0,55992320,60,,1

circom/snarkjs,circuit,groth16,bn128,sha256,input/circuit/sha256/bytes/input_13.json,prove,522393,1056,0,,,,1
circom/rapidsnark,circuit,groth16,bn128,sha256,input/circuit/sha256/bytes/input_13.json,prove,522393,1056,0,,,,1
circom/snarkjs,circuit,groth16,bn128,sha256,input/circuit/sha256/bytes/input_13.json,verify,522393,1056,0,64921600,300,,1
circom/snarkjs,circuit,groth16,bn128,sha256,input/circuit/sha256/bytes/input_14.json,compile,522393,1056,0,3053404160,34610,,1
circom/snarkjs,circuit,groth16,bn128,sha256,input/circuit/sha256/bytes/input_14.json,witness,522393,1056,0,56233984,60,,1

circom/snarkjs,circuit,groth16,bn128,sha256,input/circuit/sha256/bytes/input_14.json,prove,522393,1056,0,,,,1
circom/rapidsnark,circuit,groth16,bn128,sha256,input/circuit/sha256/bytes/input_14.json,prove,522393,1056,0,,,,1
circom/snarkjs,circuit,groth16,bn128,sha256,input/circuit/sha256/bytes/input_14.json,verify,522393,1056,0,64921600,270,,1
circom/snarkjs,circuit,groth16,bn128,sha256,input/circuit/sha256/bytes/input_15.json,compile,522393,1056,0,3053494272,34540,,1
circom/snarkjs,circuit,groth16,bn128,sha256,input/circuit/sha256/bytes/input_15.json,witness,522393,1056,0,56872960,60,,1

circom/snarkjs,circuit,groth16,bn128,sha256,input/circuit/sha256/bytes/input_15.json,prove,522393,1056,0,,,,1
circom/rapidsnark,circuit,groth16,bn128,sha256,input/circuit/sha256/bytes/input_15.json,prove,522393,1056,0,,,,1
circom/snarkjs,circuit,groth16,bn128,sha256,input/circuit/sha256/bytes/input_15.json,verify,522393,1056,0,64950272,290,,1
circom/snarkjs,circuit,groth16,bn128,sha256,input/circuit/sha256/bytes/input_5.json,compile,522393,1056,0,3052957696,34600,,1
circom/snarkjs,circuit,groth16,bn128,sha256,input/circuit/sha256/bytes/input_5.json,witness,522393,1056,0,55009280,50,,1

circom/snarkjs,circuit,groth16,bn128,sha256,input/circuit/sha256/bytes/input_5.json,prove,522393,1056,0,,,,1
circom/rapidsnark,circuit,groth16,bn128,sha256,input/circuit/sha256/bytes/input_5.json,prove,522393,1056,0,,,,1
circom/snarkjs,circuit,groth16,bn128,sha256,input/circuit/sha256/bytes/input_5.json,verify,522393,1056,0,64974848,330,,1
circom/snarkjs,circuit,groth16,bn128,sha256,input/circuit/sha256/bytes/input_6.json,compile,522393,1056,0,3052679168,34100,,1
circom/snarkjs,circuit,groth16,bn128,sha256,input/circuit/sha256/bytes/input_6.json,witness,522393,1056,0,54194176,50,,1

circom/snarkjs,circuit,groth16,bn128,sha256,input/circuit/sha256/bytes/input_6.json,prove,522393,1056,0,,,,1
circom/rapidsnark,circuit,groth16,bn128,sha256,input/circuit/sha256/bytes/input_6.json,prove,522393,1056,0,,,,1
circom/snarkjs,circuit,groth16,bn128,sha256,input/circuit/sha256/bytes/input_6.json,verify,522393,1056,0,64999424,260,,1
circom/snarkjs,circuit,groth16,bn128,sha256,input/circuit/sha256/bytes/input_7.json,compile,522393,1056,0,3052982272,34510,,1
circom/snarkjs,circuit,groth16,bn128,sha256,input/circuit/sha256/bytes/input_7.json,witness,522393,1056,0,54247424,50,,1

circom/snarkjs,circuit,groth16,bn128,sha256,input/circuit/sha256/bytes/input_7.json,prove,522393,1056,0,,,,1
circom/rapidsnark,circuit,groth16,bn128,sha256,input/circuit/sha256/bytes/input_7.json,prove,522393,1056,0,,,,1
circom/snarkjs,circuit,groth16,bn128,sha256,input/circuit/sha256/bytes/input_7.json,verify,522393,1056,0,64962560,280,,1
circom/snarkjs,circuit,groth16,bn128,sha256,input/circuit/sha256/bytes/input_8.json,compile,522393,1056,0,3052879872,34490,,1
circom/snarkjs,circuit,groth16,bn128,sha256,input/circuit/sha256/bytes/input_8.json,witness,522393,1056,0,54190080,50,,1

circom/snarkjs,circuit,groth16,bn128,sha256,input/circuit/sha256/bytes/input_8.json,prove,522393,1056,0,,,,1
circom/rapidsnark,circuit,groth16,bn128,sha256,input/circuit/sha256/bytes/input_8.json,prove,522393,1056,0,,,,1
circom/snarkjs,circuit,groth16,bn128,sha256,input/circuit/sha256/bytes/input_8.json,verify,522393,1056,0,64819200,270,,1
circom/snarkjs,circuit,groth16,bn128,sha256,input/circuit/sha256/bytes/input_9.json,compile,522393,1056,0,3053318144,34680,,1
circom/snarkjs,circuit,groth16,bn128,sha256,input/circuit/sha256/bytes/input_9.json,witness,522393,1056,0,55152640,50,,1

circom/snarkjs,circuit,groth16,bn128,sha256,input/circuit/sha256/bytes/input_9.json,prove,522393,1056,0,,,,1
circom/rapidsnark,circuit,groth16,bn128,sha256,input/circuit/sha256/bytes/input_9.json,prove,522393,1056,0,,,,1
circom/snarkjs,circuit,groth16,bn128,sha256,input/circuit/sha256/bytes/input_9.json,verify,522393,1056,0,64933888,260,,1
circom/snarkjs,circuit,groth16,bn128,sha256,input/circuit/sha256/bytes/input_5.json,compile,29636,64,0,256192512,2770,,1
circom/snarkjs,circuit,groth16,bn128,sha256,input/circuit/sha256/bytes/input_5.json,witness,29636,64,0,64815104,130,,1
circom/snarkjs,circuit,groth16,bn128,sha256,input/circuit/sha256/bytes/input_5.json,setup,29636,64,0,470933504,26350,,1
circom/snarkjs,circuit,groth16,bn128,sha256,input/circuit/sha256/bytes/input_5.json,prove,29636,64,0,547393536,1720,708,1
circom/rapidsnark,circuit,groth16,bn128,sha256,input/circuit/sha256/bytes/input_5.json,prove,29636,64,0,48218112,150,708,1
circom/snarkjs,circuit,groth16,bn128,sha256,input/circuit/sha256/bytes/input_5.json,verify,29636,64,0,160665600,770,,1
circom/snarkjs,circuit,groth16,bn128,sha256,input/circuit/sha256/bytes/input_6.json,compile,59793,96,0,426151936,4600,,1
circom/snarkjs,circuit,groth16,bn128,sha256,input/circuit/sha256/bytes/input_6.json,witness,59793,96,0,70664192,200,,1
circom/snarkjs,circuit,groth16,bn128,sha256,input/circuit/sha256/bytes/input_6.json,setup,59793,96,0,779907072,41570,,1
circom/snarkjs,circuit,groth16,bn128,sha256,input/circuit/sha256/bytes/input_6.json,prove,59793,96,0,772386816,2570,706,1
circom/rapidsnark,circuit,groth16,bn128,sha256,input/circuit/sha256/bytes/input_6.json,prove,59793,96,0,94474240,280,706,1
circom/snarkjs,circuit,groth16,bn128,sha256,input/circuit/sha256/bytes/input_6.json,verify,59793,96,0,160956416,730,,1
circom/snarkjs,circuit,groth16,bn128,sha256,input/circuit/sha256/bytes/input_7.json,compile,90633,160,0,639037440,6550,,1
circom/snarkjs,circuit,groth16,bn128,sha256,input/circuit/sha256/bytes/input_7.json,witness,90633,160,0,80015360,280,,1
circom/snarkjs,circuit,groth16,bn128,sha256,input/circuit/sha256/bytes/input_7.json,setup,90633,160,0,1059672064,47350,,1
circom/snarkjs,circuit,groth16,bn128,sha256,input/circuit/sha256/bytes/input_7.json,prove,90633,160,0,949309440,3900,707,1
circom/rapidsnark,circuit,groth16,bn128,sha256,input/circuit/sha256/bytes/input_7.json,prove,90633,160,0,139517952,530,707,1
circom/snarkjs,circuit,groth16,bn128,sha256,input/circuit/sha256/bytes/input_7.json,verify,90633,160,0,160100352,770,,1
circom/snarkjs,circuit,groth16,bn128,sha256,input/circuit/sha256/bytes/input_8.json,compile,152313,288,0,898019328,10310,,1
circom/snarkjs,circuit,groth16,bn128,sha256,input/circuit/sha256/bytes/input_8.json,witness,152313,288,0,98656256,430,,1
circom/snarkjs,circuit,groth16,bn128,sha256,input/circuit/sha256/bytes/input_8.json,setup,152313,288,0,1398939648,78630,,1
circom/snarkjs,circuit,groth16,bn128,sha256,input/circuit/sha256/bytes/input_8.json,prove,152313,288,0,1643352064,6680,706,1
circom/rapidsnark,circuit,groth16,bn128,sha256,input/circuit/sha256/bytes/input_8.json,prove,152313,288,0,251961344,930,706,1
circom/snarkjs,circuit,groth16,bn128,sha256,input/circuit/sha256/bytes/input_8.json,verify,152313,288,0,159604736,740,,1
circom/snarkjs,circuit,groth16,bn128,sha256,input/circuit/sha256/bytes/input_9.json,compile,275673,544,0,1589952512,18170,,1
circom/snarkjs,circuit,groth16,bn128,sha256,input/circuit/sha256/bytes/input_9.json,witness,275673,544,0,139264000,740,,1
circom/snarkjs,circuit,groth16,bn128,sha256,input/circuit/sha256/bytes/input_9.json,setup,275673,544,0,1973190656,129300,,1
circom/snarkjs,circuit,groth16,bn128,sha256,input/circuit/sha256/bytes/input_9.json,prove,275673,544,0,2220019712,13010,707,1
circom/rapidsnark,circuit,groth16,bn128,sha256,input/circuit/sha256/bytes/input_9.json,prove,275673,544,0,350056448,1550,707,1
circom/snarkjs,circuit,groth16,bn128,sha256,input/circuit/sha256/bytes/input_9.json,verify,275673,544,0,159395840,770,,1
circom/snarkjs,circuit,groth16,bn128,sha256,input/circuit/sha256/bytes/input_10.json,compile,522393,1056,0,3053248512,34860,,1
circom/snarkjs,circuit,groth16,bn128,sha256,input/circuit/sha256/bytes/input_10.json,witness,522393,1056,0,218968064,1340,,1
circom/snarkjs,circuit,groth16,bn128,sha256,input/circuit/sha256/bytes/input_10.json,setup,522393,1056,0,2684628992,242270,,1
circom/snarkjs,circuit,groth16,bn128,sha256,input/circuit/sha256/bytes/input_10.json,prove,522393,1056,0,3021746176,17200,706,1
circom/rapidsnark,circuit,groth16,bn128,sha256,input/circuit/sha256/bytes/input_10.json,prove,522393,1056,0,588828672,1740,706,1
circom/snarkjs,circuit,groth16,bn128,sha256,input/circuit/sha256/bytes/input_10.json,verify,522393,1056,0,160567296,720,,1
circom/snarkjs,circuit,groth16,bn128,sha256,input/circuit/sha256/bytes/input_11.json,compile,1015833,2080,0,5891293184,68860,,1
circom/snarkjs,circuit,groth16,bn128,sha256,input/circuit/sha256/bytes/input_11.json,witness,1015833,2080,0,369803264,2570,,1
circom/snarkjs,circuit,groth16,bn128,sha256,input/circuit/sha256/bytes/input_11.json,setup,1015833,2080,0,4868661248,477860,,1
circom/snarkjs,circuit,groth16,bn128,sha256,input/circuit/sha256/bytes/input_11.json,prove,1015833,2080,0,6375378944,31940,706,1
circom/rapidsnark,circuit,groth16,bn128,sha256,input/circuit/sha256/bytes/input_11.json,prove,1015833,2080,0,1144479744,3290,706,1
circom/snarkjs,circuit,groth16,bn128,sha256,input/circuit/sha256/bytes/input_11.json,verify,1015833,2080,0,161464320,740,,1
circom/snarkjs,circuit,groth16,bn128,sha256,input/circuit/sha256/bytes/input_12.json,compile,2002713,4128,0,11640803328,139980,,1
circom/snarkjs,circuit,groth16,bn128,sha256,input/circuit/sha256/bytes/input_12.json,witness,2002713,4128,0,680964096,5060,,1
circom/snarkjs,circuit,groth16,bn128,sha256,input/circuit/sha256/bytes/input_12.json,setup,2002713,4128,0,9016426496,977970,,1
circom/snarkjs,circuit,groth16,bn128,sha256,input/circuit/sha256/bytes/input_12.json,prove,2002713,4128,0,9774432256,60430,708,1
circom/rapidsnark,circuit,groth16,bn128,sha256,input/circuit/sha256/bytes/input_12.json,prove,2002713,4128,0,2255491072,6440,708,1
circom/snarkjs,circuit,groth16,bn128,sha256,input/circuit/sha256/bytes/input_12.json,verify,2002713,4128,0,161263616,780,,1
circom/snarkjs,circuit,groth16,bn128,sha256,input/circuit/sha256/bytes/input_13.json,compile,3976473,8224,0,23029174272,286310,,1
circom/snarkjs,circuit,groth16,bn128,sha256,input/circuit/sha256/bytes/input_13.json,witness,3976473,8224,0,1286627328,9890,,1
circom/snarkjs,circuit,groth16,bn128,sha256,input/circuit/sha256/bytes/input_13.json,setup,3976473,8224,0,17282486272,2112080,,1
circom/snarkjs,circuit,groth16,bn128,sha256,input/circuit/sha256/bytes/input_13.json,prove,3976473,8224,0,19230232576,120920,708,1
circom/rapidsnark,circuit,groth16,bn128,sha256,input/circuit/sha256/bytes/input_13.json,prove,3976473,8224,0,4478095360,12890,708,1
circom/snarkjs,circuit,groth16,bn128,sha256,input/circuit/sha256/bytes/input_13.json,verify,3976473,8224,0,160743424,750,,1
