framework,category,backend,curve,circuit,input,operation,nbConstraints,nbSecret,nbPublic,ram,time,proofSize,count,ramReal
gnark,circuit,plonk,bn254,sha256,input/circuit/sha256/input_5.json,compile,79027,32,32,54916360,94058,0,1,
gnark,circuit,plonk,bn254,sha256,input/circuit/sha256/input_5.json,compile,79027,32,32,58848520,93056,0,1,
gnark,circuit,plonk,bn254,sha256,input/circuit/sha256/input_5.json,compile,79027,32,32,53867784,91614,0,1,
gnark,circuit,plonk,bn254,sha256,input/circuit/sha256/input_5.json,compile,79027,32,32,54392072,89518,0,1,
gnark,circuit,plonk,bn254,sha256,input/circuit/sha256/input_5.json,compile,79027,32,32,55178504,90765,0,1,
gnark,circuit,plonk,bn254,sha256,input/circuit/sha256/input_5.json,compile,79027,32,32,58324232,92046,0,1,
gnark,circuit,plonk,bn254,sha256,input/circuit/sha256/input_5.json,compile,79027,32,32,54654216,91280,0,1,
gnark,circuit,plonk,bn254,sha256,input/circuit/sha256/input_5.json,compile,79027,32,32,54916360,90716,0,1,
gnark,circuit,plonk,bn254,sha256,input/circuit/sha256/input_5.json,compile,79027,32,32,58848520,91186,0,1,
gnark,circuit,plonk,bn254,sha256,input/circuit/sha256/input_5.json,compile,79027,32,32,54654216,91432,0,1,
gnark,circuit,plonk,bn254,sha256,input/circuit/sha256/input_5.json,setup,79027,32,32,415002968,575584,0,1,
gnark,circuit,plonk,bn254,sha256,input/circuit/sha256/input_5.json,setup,79027,32,32,423129432,524997,0,1,
gnark,circuit,plonk,bn254,sha256,input/circuit/sha256/input_5.json,setup,79027,32,32,415002968,581311,0,1,
gnark,circuit,plonk,bn254,sha256,input/circuit/sha256/input_5.json,setup,79027,32,32,415527256,501589,0,1,
gnark,circuit,plonk,bn254,sha256,input/circuit/sha256/input_5.json,setup,79027,32,32,427848024,565163,0,1,
gnark,circuit,plonk,bn254,sha256,input/circuit/sha256/input_5.json,setup,79027,32,32,414216536,467334,0,1,
gnark,circuit,plonk,bn254,sha256,input/circuit/sha256/input_5.json,setup,79027,32,32,415265112,509072,0,1,
gnark,circuit,plonk,bn254,sha256,input/circuit/sha256/input_5.json,setup,79027,32,32,413692248,468359,0,1,
gnark,circuit,plonk,bn254,sha256,input/circuit/sha256/input_5.json,setup,79027,32,32,422867288,500978,0,1,
gnark,circuit,plonk,bn254,sha256,input/circuit/sha256/input_5.json,setup,79027,32,32,423653720,479602,0,1,
gnark,circuit,plonk,bn254,sha256,input/circuit/sha256/input_5.json,witness,79027,32,32,102449432,1048,0,1,
gnark,circuit,plonk,bn254,sha256,input/circuit/sha256/input_5.json,witness,79027,32,32,102187288,1048,0,1,
gnark,circuit,plonk,bn254,sha256,input/circuit/sha256/input_5.json,witness,79027,32,32,105857304,1048,0,1,
gnark,circuit,plonk,bn254,sha256,input/circuit/sha256/input_5.json,witness,79027,32,32,105857304,1048,0,1,
gnark,circuit,plonk,bn254,sha256,input/circuit/sha256/input_5.json,witness,79027,32,32,102187288,1048,0,1,
gnark,circuit,plonk,bn254,sha256,input/circuit/sha256/input_5.json,witness,79027,32,32,101400856,1048,0,1,
gnark,circuit,plonk,bn254,sha256,input/circuit/sha256/input_5.json,witness,79027,32,32,106119448,1048,0,1,
gnark,circuit,plonk,bn254,sha256,input/circuit/sha256/input_5.json,witness,79027,32,32,105333016,1048,0,1,
gnark,circuit,plonk,bn254,sha256,input/circuit/sha256/input_5.json,witness,79027,32,32,105333016,1048,0,1,
gnark,circuit,plonk,bn254,sha256,input/circuit/sha256/input_5.json,witness,79027,32,32,102187288,1048,0,1,
gnark,circuit,plonk,bn254,sha256,input/circuit/sha256/input_5.json,prove,79027,32,32,629953928,392801,880,1,
gnark,circuit,plonk,bn254,sha256,input/circuit/sha256/input_5.json,prove,79027,32,32,629953928,392335,880,1,
gnark,circuit,plonk,bn254,sha256,input/circuit/sha256/input_5.json,prove,79027,32,32,629953928,392151,880,1,
gnark,circuit,plonk,bn254,sha256,input/circuit/sha256/input_5.json,prove,79027,32,32,588535176,386167,880,1,
gnark,circuit,plonk,bn254,sha256,input/circuit/sha256/input_5.json,prove,79027,32,32,629691784,391946,880,1,
gnark,circuit,plonk,bn254,sha256,input/circuit/sha256/input_5.json,prove,79027,32,32,629691784,386868,880,1,
gnark,circuit,plonk,bn254,sha256,input/circuit/sha256/input_5.json,prove,79027,32,32,629691784,390167,880,1,
gnark,circuit,plonk,bn254,sha256,input/circuit/sha256/input_5.json,prove,79027,32,32,633886088,395403,880,1,
gnark,circuit,plonk,bn254,sha256,input/circuit/sha256/input_5.json,prove,79027,32,32,628905352,385817,880,1,
gnark,circuit,plonk,bn254,sha256,input/circuit/sha256/input_5.json,prove,79027,32,32,630216072,389143,880,1,
gnark,circuit,plonk,bn254,sha256,input/circuit/sha256/input_5.json,verify,79027,32,32,629429640,1928,0,1,
gnark,circuit,plonk,bn254,sha256,input/circuit/sha256/input_5.json,verify,79027,32,32,629953928,1891,0,1,
gnark,circuit,plonk,bn254,sha256,input/circuit/sha256/input_5.json,verify,79027,32,32,630216072,1933,0,1,
gnark,circuit,plonk,bn254,sha256,input/circuit/sha256/input_5.json,verify,79027,32,32,629953928,1903,0,1,
gnark,circuit,plonk,bn254,sha256,input/circuit/sha256/input_5.json,verify,79027,32,32,629691784,1907,0,1,
gnark,circuit,plonk,bn254,sha256,input/circuit/sha256/input_5.json,verify,79027,32,32,629691784,1853,0,1,
gnark,circuit,plonk,bn254,sha256,input/circuit/sha256/input_5.json,verify,79027,32,32,629953928,1827,0,1,
gnark,circuit,plonk,bn254,sha256,input/circuit/sha256/input_5.json,verify,79027,32,32,634213768,1870,0,1,
gnark,circuit,plonk,bn254,sha256,input/circuit/sha256/input_5.json,verify,79027,32,32,629429640,1870,0,1,
gnark,circuit,plonk,bn254,sha256,input/circuit/sha256/input_5.json,verify,79027,32,32,633886088,1953,0,1,
gnark,circuit,plonk,bn254,sha256,input/circuit/sha256/input_6.json,compile,158244,64,32,90325272,183509,0,1,
gnark,circuit,plonk,bn254,sha256,input/circuit/sha256/input_6.json,compile,158244,64,32,90587416,179373,0,1,
gnark,circuit,plonk,bn254,sha256,input/circuit/sha256/input_6.json,compile,158244,64,32,97927448,181044,0,1,
gnark,circuit,plonk,bn254,sha256,input/circuit/sha256/input_6.json,compile,158244,64,32,90325272,179881,0,1,
gnark,circuit,plonk,bn254,sha256,input/circuit/sha256/input_6.json,compile,158244,64,32,97927448,182200,0,1,
gnark,circuit,plonk,bn254,sha256,input/circuit/sha256/input_6.json,compile,158244,64,32,89538840,180647,0,1,
gnark,circuit,plonk,bn254,sha256,input/circuit/sha256/input_6.json,compile,158244,64,32,98713880,180896,0,1,
gnark,circuit,plonk,bn254,sha256,input/circuit/sha256/input_6.json,compile,158244,64,32,90587416,179840,0,1,
gnark,circuit,plonk,bn254,sha256,input/circuit/sha256/input_6.json,compile,158244,64,32,98976024,179844,0,1,
gnark,circuit,plonk,bn254,sha256,input/circuit/sha256/input_6.json,compile,158244,64,32,98976024,180994,0,1,
gnark,circuit,plonk,bn254,sha256,input/circuit/sha256/input_6.json,setup,158244,64,32,810760632,972420,0,1,
gnark,circuit,plonk,bn254,sha256,input/circuit/sha256/input_6.json,setup,158244,64,32,810236344,939760,0,1,
gnark,circuit,plonk,bn254,sha256,input/circuit/sha256/input_6.json,setup,158244,64,32,810498488,958718,0,1,
gnark,circuit,plonk,bn254,sha256,input/circuit/sha256/input_6.json,setup,158244,64,32,811547064,915017,0,1,
gnark,circuit,plonk,bn254,sha256,input/circuit/sha256/input_6.json,setup,158244,64,32,811022776,975423,0,1,
gnark,circuit,plonk,bn254,sha256,input/circuit/sha256/input_6.json,setup,158244,64,32,806828472,960755,0,1,
gnark,circuit,plonk,bn254,sha256,input/circuit/sha256/input_6.json,setup,158244,64,32,811809208,958215,0,1,
gnark,circuit,plonk,bn254,sha256,input/circuit/sha256/input_6.json,setup,158244,64,32,812333496,957163,0,1,
gnark,circuit,plonk,bn254,sha256,input/circuit/sha256/input_6.json,setup,158244,64,32,811022776,917032,0,1,
gnark,circuit,plonk,bn254,sha256,input/circuit/sha256/input_6.json,setup,158244,64,32,811809208,920307,0,1,
gnark,circuit,plonk,bn254,sha256,input/circuit/sha256/input_6.json,witness,158244,64,32,172461352,1048,0,1,
gnark,circuit,plonk,bn254,sha256,input/circuit/sha256/input_6.json,witness,158244,64,32,176917800,1048,0,1,
gnark,circuit,plonk,bn254,sha256,input/circuit/sha256/input_6.json,witness,158244,64,32,172985640,1048,0,1,
gnark,circuit,plonk,bn254,sha256,input/circuit/sha256/input_6.json,witness,158244,64,32,172723496,1048,0,1,
gnark,circuit,plonk,bn254,sha256,input/circuit/sha256/input_6.json,witness,158244,64,32,177179944,1048,0,1,
gnark,circuit,plonk,bn254,sha256,input/circuit/sha256/input_6.json,witness,158244,64,32,172461352,1048,0,1,
gnark,circuit,plonk,bn254,sha256,input/circuit/sha256/input_6.json,witness,158244,64,32,172723496,1048,0,1,
gnark,circuit,plonk,bn254,sha256,input/circuit/sha256/input_6.json,witness,158244,64,32,177442088,1048,0,1,
gnark,circuit,plonk,bn254,sha256,input/circuit/sha256/input_6.json,witness,158244,64,32,177179944,1048,0,1,
gnark,circuit,plonk,bn254,sha256,input/circuit/sha256/input_6.json,witness,158244,64,32,177442088,1048,0,1,
gnark,circuit,plonk,bn254,sha256,input/circuit/sha256/input_6.json,prove,158244,64,32,1222312472,767662,880,1,
gnark,circuit,plonk,bn254,sha256,input/circuit/sha256/input_6.json,prove,158244,64,32,1151448584,747373,880,1,
gnark,circuit,plonk,bn254,sha256,input/circuit/sha256/input_6.json,prove,158244,64,32,1217593880,772523,880,1,
gnark,circuit,plonk,bn254,sha256,input/circuit/sha256/input_6.json,prove,158244,64,32,1236206104,751983,880,1,
gnark,circuit,plonk,bn254,sha256,input/circuit/sha256/input_6.json,prove,158244,64,32,1217593880,750473,880,1,
gnark,circuit,plonk,bn254,sha256,input/circuit/sha256/input_6.json,prove,158244,64,32,1232011800,756790,880,1,
gnark,circuit,plonk,bn254,sha256,input/circuit/sha256/input_6.json,prove,158244,64,32,1227031064,758376,880,1,
gnark,circuit,plonk,bn254,sha256,input/circuit/sha256/input_6.json,prove,158244,64,32,1218642456,746834,880,1,
gnark,circuit,plonk,bn254,sha256,input/circuit/sha256/input_6.json,prove,158244,64,32,1218642456,762718,880,1,
gnark,circuit,plonk,bn254,sha256,input/circuit/sha256/input_6.json,prove,158244,64,32,1232273944,750129,880,1,
gnark,circuit,plonk,bn254,sha256,input/circuit/sha256/input_6.json,verify,158244,64,32,1234633240,1984,0,1,
gnark,circuit,plonk,bn254,sha256,input/circuit/sha256/input_6.json,verify,158244,64,32,1218118168,1914,0,1,
gnark,circuit,plonk,bn254,sha256,input/circuit/sha256/input_6.json,verify,158244,64,32,1222050328,1972,0,1,
gnark,circuit,plonk,bn254,sha256,input/circuit/sha256/input_6.json,verify,158244,64,32,1223098904,1984,0,1,
gnark,circuit,plonk,bn254,sha256,input/circuit/sha256/input_6.json,verify,158244,64,32,1218904600,1918,0,1,
gnark,circuit,plonk,bn254,sha256,input/circuit/sha256/input_6.json,verify,158244,64,32,1223098904,1942,0,1,
gnark,circuit,plonk,bn254,sha256,input/circuit/sha256/input_6.json,verify,158244,64,32,1243283992,1929,0,1,
gnark,circuit,plonk,bn254,sha256,input/circuit/sha256/input_6.json,verify,158244,64,32,1218118168,1931,0,1,
gnark,circuit,plonk,bn254,sha256,input/circuit/sha256/input_6.json,verify,158244,64,32,1218642456,1985,0,1,
gnark,circuit,plonk,bn254,sha256,input/circuit/sha256/input_6.json,verify,158244,64,32,1222836760,1851,0,1,
gnark,circuit,plonk,bn254,sha256,input/circuit/sha256/input_7.json,compile,235676,128,32,115556632,275940,0,1,
gnark,circuit,plonk,bn254,sha256,input/circuit/sha256/input_7.json,compile,235676,128,32,111886616,275014,0,1,
gnark,circuit,plonk,bn254,sha256,input/circuit/sha256/input_7.json,compile,235676,128,32,111624472,284055,0,1,
gnark,circuit,plonk,bn254,sha256,input/circuit/sha256/input_7.json,compile,235676,128,32,111624472,273500,0,1,
gnark,circuit,plonk,bn254,sha256,input/circuit/sha256/input_7.json,compile,235676,128,32,115818776,273955,0,1,
gnark,circuit,plonk,bn254,sha256,input/circuit/sha256/input_7.json,compile,235676,128,32,115556632,279478,0,1,
gnark,circuit,plonk,bn254,sha256,input/circuit/sha256/input_7.json,compile,235676,128,32,111362328,279801,0,1,
gnark,circuit,plonk,bn254,sha256,input/circuit/sha256/input_7.json,compile,235676,128,32,110838040,279339,0,1,
gnark,circuit,plonk,bn254,sha256,input/circuit/sha256/input_7.json,compile,235676,128,32,111624472,280907,0,1,
gnark,circuit,plonk,bn254,sha256,input/circuit/sha256/input_7.json,compile,235676,128,32,115556632,291337,0,1,
gnark,circuit,plonk,bn254,sha256,input/circuit/sha256/input_7.json,setup,235676,128,32,808729016,877000,0,1,
gnark,circuit,plonk,bn254,sha256,input/circuit/sha256/input_7.json,setup,235676,128,32,811350456,871490,0,1,
gnark,circuit,plonk,bn254,sha256,input/circuit/sha256/input_7.json,setup,235676,128,32,809253304,875883,0,1,
gnark,circuit,plonk,bn254,sha256,input/circuit/sha256/input_7.json,setup,235676,128,32,809253304,859803,0,1,
gnark,circuit,plonk,bn254,sha256,input/circuit/sha256/input_7.json,setup,235676,128,32,810564024,867807,0,1,
gnark,circuit,plonk,bn254,sha256,input/circuit/sha256/input_7.json,setup,235676,128,32,811612600,874567,0,1,
gnark,circuit,plonk,bn254,sha256,input/circuit/sha256/input_7.json,setup,235676,128,32,810039736,878223,0,1,
gnark,circuit,plonk,bn254,sha256,input/circuit/sha256/input_7.json,setup,235676,128,32,810826168,882512,0,1,
gnark,circuit,plonk,bn254,sha256,input/circuit/sha256/input_7.json,setup,235676,128,32,811088312,876947,0,1,
gnark,circuit,plonk,bn254,sha256,input/circuit/sha256/input_7.json,setup,235676,128,32,810564024,893905,0,1,
gnark,circuit,plonk,bn254,sha256,input/circuit/sha256/input_7.json,witness,235676,128,32,171740456,1048,0,1,
gnark,circuit,plonk,bn254,sha256,input/circuit/sha256/input_7.json,witness,235676,128,32,172002600,1048,0,1,
gnark,circuit,plonk,bn254,sha256,input/circuit/sha256/input_7.json,witness,235676,128,32,167808296,1048,0,1,
gnark,circuit,plonk,bn254,sha256,input/circuit/sha256/input_7.json,witness,235676,128,32,172002600,1048,0,1,
gnark,circuit,plonk,bn254,sha256,input/circuit/sha256/input_7.json,witness,235676,128,32,168070440,1048,0,1,
gnark,circuit,plonk,bn254,sha256,input/circuit/sha256/input_7.json,witness,235676,128,32,167284008,1048,0,1,
gnark,circuit,plonk,bn254,sha256,input/circuit/sha256/input_7.json,witness,235676,128,32,172264744,1048,0,1,
gnark,circuit,plonk,bn254,sha256,input/circuit/sha256/input_7.json,witness,235676,128,32,167021864,1048,0,1,
gnark,circuit,plonk,bn254,sha256,input/circuit/sha256/input_7.json,witness,235676,128,32,172002600,1048,0,1,
gnark,circuit,plonk,bn254,sha256,input/circuit/sha256/input_7.json,witness,235676,128,32,170954024,1048,0,1,
gnark,circuit,plonk,bn254,sha256,input/circuit/sha256/input_7.json,prove,235676,128,32,1277513256,769109,880,1,
gnark,circuit,plonk,bn254,sha256,input/circuit/sha256/input_7.json,prove,235676,128,32,1269911080,773609,880,1,
gnark,circuit,plonk,bn254,sha256,input/circuit/sha256/input_7.json,prove,235676,128,32,1281969704,766021,880,1,
gnark,circuit,plonk,bn254,sha256,input/circuit/sha256/input_7.json,prove,235676,128,32,1290882600,778864,880,1,
gnark,circuit,plonk,bn254,sha256,input/circuit/sha256/input_7.json,prove,235676,128,32,1274891816,766636,880,1,
gnark,circuit,plonk,bn254,sha256,input/circuit/sha256/input_7.json,prove,235676,128,32,1270173224,772887,880,1,
gnark,circuit,plonk,bn254,sha256,input/circuit/sha256/input_7.json,prove,235676,128,32,1277251112,766692,880,1,
gnark,circuit,plonk,bn254,sha256,input/circuit/sha256/input_7.json,prove,235676,128,32,1291144744,778187,880,1,
gnark,circuit,plonk,bn254,sha256,input/circuit/sha256/input_7.json,prove,235676,128,32,1275153960,768406,880,1,
gnark,circuit,plonk,bn254,sha256,input/circuit/sha256/input_7.json,prove,235676,128,32,1278299688,774589,880,1,
gnark,circuit,plonk,bn254,sha256,input/circuit/sha256/input_7.json,verify,235676,128,32,1274105384,1956,0,1,
gnark,circuit,plonk,bn254,sha256,input/circuit/sha256/input_7.json,verify,235676,128,32,1277513256,2010,0,1,
gnark,circuit,plonk,bn254,sha256,input/circuit/sha256/input_7.json,verify,235676,128,32,1282756136,1981,0,1,
gnark,circuit,plonk,bn254,sha256,input/circuit/sha256/input_7.json,verify,235676,128,32,1274629672,1921,0,1,
gnark,circuit,plonk,bn254,sha256,input/circuit/sha256/input_7.json,verify,235676,128,32,1274105384,1948,0,1,
gnark,circuit,plonk,bn254,sha256,input/circuit/sha256/input_7.json,verify,235676,128,32,1270959656,1963,0,1,
gnark,circuit,plonk,bn254,sha256,input/circuit/sha256/input_7.json,verify,235676,128,32,1270697512,2004,0,1,
gnark,circuit,plonk,bn254,sha256,input/circuit/sha256/input_7.json,verify,235676,128,32,1312640552,1999,0,1,
gnark,circuit,plonk,bn254,sha256,input/circuit/sha256/input_7.json,verify,235676,128,32,1270435368,2018,0,1,
gnark,circuit,plonk,bn254,sha256,input/circuit/sha256/input_7.json,verify,235676,128,32,1291406888,1986,0,1,
gnark,circuit,plonk,bn254,sha256,input/circuit/sha256/input_8.json,compile,390540,256,32,176131368,468059,0,1,
gnark,circuit,plonk,bn254,sha256,input/circuit/sha256/input_8.json,compile,390540,256,32,176131368,470439,0,1,
gnark,circuit,plonk,bn254,sha256,input/circuit/sha256/input_8.json,compile,390540,256,32,180325672,466550,0,1,
gnark,circuit,plonk,bn254,sha256,input/circuit/sha256/input_8.json,compile,390540,256,32,176131368,469492,0,1,
gnark,circuit,plonk,bn254,sha256,input/circuit/sha256/input_8.json,compile,390540,256,32,184257832,467124,0,1,
gnark,circuit,plonk,bn254,sha256,input/circuit/sha256/input_8.json,compile,390540,256,32,176393512,472229,0,1,
gnark,circuit,plonk,bn254,sha256,input/circuit/sha256/input_8.json,compile,390540,256,32,172199208,473019,0,1,
gnark,circuit,plonk,bn254,sha256,input/circuit/sha256/input_8.json,compile,390540,256,32,180325672,466083,0,1,
gnark,circuit,plonk,bn254,sha256,input/circuit/sha256/input_8.json,compile,390540,256,32,180325672,470957,0,1,
gnark,circuit,plonk,bn254,sha256,input/circuit/sha256/input_8.json,compile,390540,256,32,180325672,470579,0,1,
gnark,circuit,plonk,bn254,sha256,input/circuit/sha256/input_8.json,setup,390540,256,32,1582399080,1775181,0,1,
gnark,circuit,plonk,bn254,sha256,input/circuit/sha256/input_8.json,setup,390540,256,32,1578991208,1764350,0,1,
gnark,circuit,plonk,bn254,sha256,input/circuit/sha256/input_8.json,setup,390540,256,32,1578729064,1777080,0,1,
gnark,circuit,plonk,bn254,sha256,input/circuit/sha256/input_8.json,setup,390540,256,32,1578204776,1754003,0,1,
gnark,circuit,plonk,bn254,sha256,input/circuit/sha256/input_8.json,setup,390540,256,32,1579253352,1741920,0,1,
gnark,circuit,plonk,bn254,sha256,input/circuit/sha256/input_8.json,setup,390540,256,32,1580039784,1762332,0,1,
gnark,circuit,plonk,bn254,sha256,input/circuit/sha256/input_8.json,setup,390540,256,32,1579253352,1793486,0,1,
gnark,circuit,plonk,bn254,sha256,input/circuit/sha256/input_8.json,setup,390540,256,32,1581874792,1761422,0,1,
gnark,circuit,plonk,bn254,sha256,input/circuit/sha256/input_8.json,setup,390540,256,32,1582923368,1771338,0,1,
gnark,circuit,plonk,bn254,sha256,input/circuit/sha256/input_8.json,setup,390540,256,32,1582923368,1762936,0,1,
gnark,circuit,plonk,bn254,sha256,input/circuit/sha256/input_8.json,witness,390540,256,32,304751944,1048,0,1,
gnark,circuit,plonk,bn254,sha256,input/circuit/sha256/input_8.json,witness,390540,256,32,317859144,1048,0,1,
gnark,circuit,plonk,bn254,sha256,input/circuit/sha256/input_8.json,witness,390540,256,32,282908984,1048,0,1,
gnark,circuit,plonk,bn254,sha256,input/circuit/sha256/input_8.json,witness,390540,256,32,282908984,1048,0,1,
gnark,circuit,plonk,bn254,sha256,input/circuit/sha256/input_8.json,witness,390540,256,32,313664840,1048,0,1,
gnark,circuit,plonk,bn254,sha256,input/circuit/sha256/input_8.json,witness,390540,256,32,291906888,1048,0,1,
gnark,circuit,plonk,bn254,sha256,input/circuit/sha256/input_8.json,witness,390540,256,32,308946248,1048,0,1,
gnark,circuit,plonk,bn254,sha256,input/circuit/sha256/input_8.json,witness,390540,256,32,309208392,1048,0,1,
gnark,circuit,plonk,bn254,sha256,input/circuit/sha256/input_8.json,witness,390540,256,32,313140552,1048,0,1,
gnark,circuit,plonk,bn254,sha256,input/circuit/sha256/input_8.json,witness,390540,256,32,313664840,1048,0,1,
gnark,circuit,plonk,bn254,sha256,input/circuit/sha256/input_8.json,prove,390540,256,32,2413194040,1487953,880,1,
gnark,circuit,plonk,bn254,sha256,input/circuit/sha256/input_8.json,prove,390540,256,32,2388729640,1448240,880,1,
gnark,circuit,plonk,bn254,sha256,input/circuit/sha256/input_8.json,prove,390540,256,32,2358320936,1422346,880,1,
gnark,circuit,plonk,bn254,sha256,input/circuit/sha256/input_8.json,prove,390540,256,32,2395807528,1450574,880,1,
gnark,circuit,plonk,bn254,sha256,input/circuit/sha256/input_8.json,prove,390540,256,32,2422106936,1485818,880,1,
gnark,circuit,plonk,bn254,sha256,input/circuit/sha256/input_8.json,prove,390540,256,32,2396331816,1462197,880,1,
gnark,circuit,plonk,bn254,sha256,input/circuit/sha256/input_8.json,prove,390540,256,32,2395545384,1466481,880,1,
gnark,circuit,plonk,bn254,sha256,input/circuit/sha256/input_8.json,prove,390540,256,32,2442816312,1459423,880,1,
gnark,circuit,plonk,bn254,sha256,input/circuit/sha256/input_8.json,prove,390540,256,32,2417912632,1480350,880,1,
gnark,circuit,plonk,bn254,sha256,input/circuit/sha256/input_8.json,prove,390540,256,32,2442816312,1493036,880,1,
gnark,circuit,plonk,bn254,sha256,input/circuit/sha256/input_8.json,verify,390540,256,32,2358845224,1945,0,1,
gnark,circuit,plonk,bn254,sha256,input/circuit/sha256/input_8.json,verify,390540,256,32,2391351080,2048,0,1,
gnark,circuit,plonk,bn254,sha256,input/circuit/sha256/input_8.json,verify,390540,256,32,2427087672,1933,0,1,
gnark,circuit,plonk,bn254,sha256,input/circuit/sha256/input_8.json,verify,390540,256,32,2408914728,1987,0,1,
gnark,circuit,plonk,bn254,sha256,input/circuit/sha256/input_8.json,verify,390540,256,32,2375098152,2006,0,1,
gnark,circuit,plonk,bn254,sha256,input/circuit/sha256/input_8.json,verify,390540,256,32,2413718328,1967,0,1,
gnark,circuit,plonk,bn254,sha256,input/circuit/sha256/input_8.json,verify,390540,256,32,2468506424,1938,0,1,
gnark,circuit,plonk,bn254,sha256,input/circuit/sha256/input_8.json,verify,390540,256,32,2409439016,1928,0,1,
gnark,circuit,plonk,bn254,sha256,input/circuit/sha256/input_8.json,verify,390540,256,32,2439146296,2015,0,1,
gnark,circuit,plonk,bn254,sha256,input/circuit/sha256/input_8.json,verify,390540,256,32,2362515240,1983,0,1,
gnark,circuit,plonk,bn254,sha256,input/circuit/sha256/input_9.json,compile,700268,512,32,309536072,876772,0,1,
gnark,circuit,plonk,bn254,sha256,input/circuit/sha256/input_9.json,compile,700268,512,32,309830984,879073,0,1,
gnark,circuit,plonk,bn254,sha256,input/circuit/sha256/input_9.json,compile,700268,512,32,351511880,887043,0,1,
gnark,circuit,plonk,bn254,sha256,input/circuit/sha256/input_9.json,compile,700268,512,32,309798216,886191,0,1,
gnark,circuit,plonk,bn254,sha256,input/circuit/sha256/input_9.json,compile,700268,512,32,309011784,878084,0,1,
gnark,circuit,plonk,bn254,sha256,input/circuit/sha256/input_9.json,compile,700268,512,32,351216968,893374,0,1,
gnark,circuit,plonk,bn254,sha256,input/circuit/sha256/input_9.json,compile,700268,512,32,305079624,872895,0,1,
gnark,circuit,plonk,bn254,sha256,input/circuit/sha256/input_9.json,compile,700268,512,32,308487496,884544,0,1,
gnark,circuit,plonk,bn254,sha256,input/circuit/sha256/input_9.json,compile,700268,512,32,330507592,884241,0,1,
gnark,circuit,plonk,bn254,sha256,input/circuit/sha256/input_9.json,compile,700268,512,32,310060360,875276,0,1,
gnark,circuit,plonk,bn254,sha256,input/circuit/sha256/input_9.json,setup,700268,512,32,3097781208,3517447,0,1,
gnark,circuit,plonk,bn254,sha256,input/circuit/sha256/input_9.json,setup,700268,512,32,3098043352,3494262,0,1,
gnark,circuit,plonk,bn254,sha256,input/circuit/sha256/input_9.json,setup,700268,512,32,3099911128,3523937,0,1,
gnark,circuit,plonk,bn254,sha256,input/circuit/sha256/input_9.json,setup,700268,512,32,3089569736,3492608,0,1,
gnark,circuit,plonk,bn254,sha256,input/circuit/sha256/input_9.json,setup,700268,512,32,3096994776,3465644,0,1,
gnark,circuit,plonk,bn254,sha256,input/circuit/sha256/input_9.json,setup,700268,512,32,3085146056,3468056,0,1,
gnark,circuit,plonk,bn254,sha256,input/circuit/sha256/input_9.json,setup,700268,512,32,3085637576,3473839,0,1,
gnark,circuit,plonk,bn254,sha256,input/circuit/sha256/input_9.json,setup,700268,512,32,3089864648,3459876,0,1,
gnark,circuit,plonk,bn254,sha256,input/circuit/sha256/input_9.json,setup,700268,512,32,3102532568,3498561,0,1,
gnark,circuit,plonk,bn254,sha256,input/circuit/sha256/input_9.json,setup,700268,512,32,3089831880,3494797,0,1,
gnark,circuit,plonk,bn254,sha256,input/circuit/sha256/input_9.json,witness,700268,512,32,570742152,1048,0,1,
gnark,circuit,plonk,bn254,sha256,input/circuit/sha256/input_9.json,witness,700268,512,32,528536968,1048,0,1,
gnark,circuit,plonk,bn254,sha256,input/circuit/sha256/input_9.json,witness,700268,512,32,528799112,1048,0,1,
gnark,circuit,plonk,bn254,sha256,input/circuit/sha256/input_9.json,witness,700268,512,32,549475720,1048,0,1,
gnark,circuit,plonk,bn254,sha256,input/circuit/sha256/input_9.json,witness,700268,512,32,515954056,1048,0,1,
gnark,circuit,plonk,bn254,sha256,input/circuit/sha256/input_9.json,witness,700268,512,32,527717768,1048,0,1,
gnark,circuit,plonk,bn254,sha256,input/circuit/sha256/input_9.json,witness,700268,512,32,523785608,1048,0,1,
gnark,circuit,plonk,bn254,sha256,input/circuit/sha256/input_9.json,witness,700268,512,32,529028488,1048,0,1,
gnark,circuit,plonk,bn254,sha256,input/circuit/sha256/input_9.json,witness,700268,512,32,527979912,1048,0,1,
gnark,circuit,plonk,bn254,sha256,input/circuit/sha256/input_9.json,witness,700268,512,32,536368520,1048,0,1,
gnark,circuit,plonk,bn254,sha256,input/circuit/sha256/input_9.json,prove,700268,512,32,5177859512,2925799,880,1,
gnark,circuit,plonk,bn254,sha256,input/circuit/sha256/input_9.json,prove,700268,512,32,5143748024,2928691,880,1,
gnark,circuit,plonk,bn254,sha256,input/circuit/sha256/input_9.json,prove,700268,512,32,5083894184,2913166,880,1,
gnark,circuit,plonk,bn254,sha256,input/circuit/sha256/input_9.json,prove,700268,512,32,5139239336,2938833,880,1,
gnark,circuit,plonk,bn254,sha256,input/circuit/sha256/input_9.json,prove,700268,512,32,5148466616,2950090,880,1,
gnark,circuit,plonk,bn254,sha256,input/circuit/sha256/input_9.json,prove,700268,512,32,5157379512,2950339,880,1,
gnark,circuit,plonk,bn254,sha256,input/circuit/sha256/input_9.json,prove,700268,512,32,5058643352,2940013,880,1,
gnark,circuit,plonk,bn254,sha256,input/circuit/sha256/input_9.json,prove,700268,512,32,5144010168,2917268,880,1,
gnark,circuit,plonk,bn254,sha256,input/circuit/sha256/input_9.json,prove,700268,512,32,5139206568,2924412,880,1,
gnark,circuit,plonk,bn254,sha256,input/circuit/sha256/input_9.json,prove,700268,512,32,5126623656,2966201,880,1,
gnark,circuit,plonk,bn254,sha256,input/circuit/sha256/input_9.json,verify,700268,512,32,5105389992,1948,0,1,
gnark,circuit,plonk,bn254,sha256,input/circuit/sha256/input_9.json,verify,700268,512,32,5109846440,1946,0,1,
gnark,circuit,plonk,bn254,sha256,input/circuit/sha256/input_9.json,verify,700268,512,32,5157641656,1969,0,1,
gnark,circuit,plonk,bn254,sha256,input/circuit/sha256/input_9.json,verify,700268,512,32,5147418040,1960,0,1,
gnark,circuit,plonk,bn254,sha256,input/circuit/sha256/input_9.json,verify,700268,512,32,5156363704,1941,0,1,
gnark,circuit,plonk,bn254,sha256,input/circuit/sha256/input_9.json,verify,700268,512,32,4854702440,1930,0,1,
gnark,circuit,plonk,bn254,sha256,input/circuit/sha256/input_9.json,verify,700268,512,32,5088088488,1944,0,1,
gnark,circuit,plonk,bn254,sha256,input/circuit/sha256/input_9.json,verify,700268,512,32,5045798296,1879,0,1,
gnark,circuit,plonk,bn254,sha256,input/circuit/sha256/input_9.json,verify,700268,512,32,5126623656,1975,0,1,
gnark,circuit,plonk,bn254,sha256,input/circuit/sha256/input_9.json,verify,700268,512,32,5074981288,2010,0,1,
gnark,circuit,plonk,bn254,sha256,input/circuit/sha256/input_10.json,compile,1319724,1024,32,528828792,1736124,0,1,
gnark,circuit,plonk,bn254,sha256,input/circuit/sha256/input_10.json,compile,1319724,1024,32,524372344,1726635,0,1,
gnark,circuit,plonk,bn254,sha256,input/circuit/sha256/input_10.json,compile,1319724,1024,32,609654152,1774341,0,1,
gnark,circuit,plonk,bn254,sha256,input/circuit/sha256/input_10.json,compile,1319724,1024,32,568497544,1753673,0,1,
gnark,circuit,plonk,bn254,sha256,input/circuit/sha256/input_10.json,compile,1319724,1024,32,529353080,1728270,0,1,
gnark,circuit,plonk,bn254,sha256,input/circuit/sha256/input_10.json,compile,1319724,1024,32,528828792,1731758,0,1,
gnark,circuit,plonk,bn254,sha256,input/circuit/sha256/input_10.json,compile,1319724,1024,32,529353080,1727968,0,1,
gnark,circuit,plonk,bn254,sha256,input/circuit/sha256/input_10.json,compile,1319724,1024,32,532760952,1715985,0,1,
gnark,circuit,plonk,bn254,sha256,input/circuit/sha256/input_10.json,compile,1319724,1024,32,524634488,1707851,0,1,
gnark,circuit,plonk,bn254,sha256,input/circuit/sha256/input_10.json,compile,1319724,1024,32,532236664,1729893,0,1,
gnark,circuit,plonk,bn254,sha256,input/circuit/sha256/input_10.json,setup,1319724,1024,32,6144640664,6726014,0,1,
gnark,circuit,plonk,bn254,sha256,input/circuit/sha256/input_10.json,setup,1319724,1024,32,6146213528,6715777,0,1,
gnark,circuit,plonk,bn254,sha256,input/circuit/sha256/input_10.json,setup,1319724,1024,32,6154077848,6744299,0,1,
gnark,circuit,plonk,bn254,sha256,input/circuit/sha256/input_10.json,setup,1319724,1024,32,6149359256,6745400,0,1,
gnark,circuit,plonk,bn254,sha256,input/circuit/sha256/input_10.json,setup,1319724,1024,32,6142281368,6729251,0,1,
gnark,circuit,plonk,bn254,sha256,input/circuit/sha256/input_10.json,setup,1319724,1024,32,6144640664,6727147,0,1,
gnark,circuit,plonk,bn254,sha256,input/circuit/sha256/input_10.json,setup,1319724,1024,32,6166483624,6721243,0,1,
gnark,circuit,plonk,bn254,sha256,input/circuit/sha256/input_10.json,setup,1319724,1024,32,6146475672,6719353,0,1,
gnark,circuit,plonk,bn254,sha256,input/circuit/sha256/input_10.json,setup,1319724,1024,32,6145689240,6708802,0,1,
gnark,circuit,plonk,bn254,sha256,input/circuit/sha256/input_10.json,setup,1319724,1024,32,6158272152,6719233,0,1,
gnark,circuit,plonk,bn254,sha256,input/circuit/sha256/input_10.json,witness,1319724,1024,32,1133481512,1048,0,1,
gnark,circuit,plonk,bn254,sha256,input/circuit/sha256/input_10.json,witness,1319724,1024,32,1090142744,1048,0,1,
gnark,circuit,plonk,bn254,sha256,input/circuit/sha256/input_10.json,witness,1319724,1024,32,947805672,1048,0,1,
gnark,circuit,plonk,bn254,sha256,input/circuit/sha256/input_10.json,witness,1319724,1024,32,1094861336,1048,0,1,
gnark,circuit,plonk,bn254,sha256,input/circuit/sha256/input_10.json,witness,1319724,1024,32,951999976,1048,0,1,
gnark,circuit,plonk,bn254,sha256,input/circuit/sha256/input_10.json,witness,1319724,1024,32,1097744920,1048,0,1,
gnark,circuit,plonk,bn254,sha256,input/circuit/sha256/input_10.json,witness,1319724,1024,32,1094599192,1048,0,1,
gnark,circuit,plonk,bn254,sha256,input/circuit/sha256/input_10.json,witness,1319724,1024,32,953572840,1048,0,1,
gnark,circuit,plonk,bn254,sha256,input/circuit/sha256/input_10.json,witness,1319724,1024,32,948067816,1048,0,1,
gnark,circuit,plonk,bn254,sha256,input/circuit/sha256/input_10.json,witness,1319724,1024,32,1027759592,1048,0,1,
gnark,circuit,plonk,bn254,sha256,input/circuit/sha256/input_10.json,prove,1319724,1024,32,8847608088,5604351,880,1,
gnark,circuit,plonk,bn254,sha256,input/circuit/sha256/input_10.json,prove,1319724,1024,32,8835287320,5580252,880,1,
gnark,circuit,plonk,bn254,sha256,input/circuit/sha256/input_10.json,prove,1319724,1024,32,8835025176,5540164,880,1,
gnark,circuit,plonk,bn254,sha256,input/circuit/sha256/input_10.json,prove,1319724,1024,32,8835811608,5526829,880,1,
gnark,circuit,plonk,bn254,sha256,input/circuit/sha256/input_10.json,prove,1319724,1024,32,8835811608,5605089,880,1,
gnark,circuit,plonk,bn254,sha256,input/circuit/sha256/input_10.json,prove,1319724,1024,32,8836598040,5493411,880,1,
gnark,circuit,plonk,bn254,sha256,input/circuit/sha256/input_10.json,prove,1319724,1024,32,8836073752,5561607,880,1,
gnark,circuit,plonk,bn254,sha256,input/circuit/sha256/input_10.json,prove,1319724,1024,32,8818949384,5567187,880,1,
gnark,circuit,plonk,bn254,sha256,input/circuit/sha256/input_10.json,prove,1319724,1024,32,8844200216,5494960,880,1,
gnark,circuit,plonk,bn254,sha256,input/circuit/sha256/input_10.json,prove,1319724,1024,32,8831355160,5448279,880,1,
gnark,circuit,plonk,bn254,sha256,input/circuit/sha256/input_10.json,verify,1319724,1024,32,8818162952,1969,0,1,
gnark,circuit,plonk,bn254,sha256,input/circuit/sha256/input_10.json,verify,1319724,1024,32,8836073752,1985,0,1,
gnark,circuit,plonk,bn254,sha256,input/circuit/sha256/input_10.json,verify,1319724,1024,32,8836073752,1989,0,1,
gnark,circuit,plonk,bn254,sha256,input/circuit/sha256/input_10.json,verify,1319724,1024,32,8825240840,1966,0,1,
gnark,circuit,plonk,bn254,sha256,input/circuit/sha256/input_10.json,verify,1319724,1024,32,8831617304,2006,0,1,
gnark,circuit,plonk,bn254,sha256,input/circuit/sha256/input_10.json,verify,1319724,1024,32,8836073752,1951,0,1,
gnark,circuit,plonk,bn254,sha256,input/circuit/sha256/input_10.json,verify,1319724,1024,32,8848918808,1908,0,1,
gnark,circuit,plonk,bn254,sha256,input/circuit/sha256/input_10.json,verify,1319724,1024,32,8836073752,1903,0,1,
gnark,circuit,plonk,bn254,sha256,input/circuit/sha256/input_10.json,verify,1319724,1024,32,8835025176,1946,0,1,
gnark,circuit,plonk,bn254,sha256,input/circuit/sha256/input_10.json,verify,1319724,1024,32,8852326680,1972,0,1,
gnark,circuit,plonk,bn254,sha256,input/circuit/sha256/input_11.json,compile,2558636,2048,32,1155077640,3418561,0,1,
gnark,circuit,plonk,bn254,sha256,input/circuit/sha256/input_11.json,compile,2558636,2048,32,1155339784,3457672,0,1,
gnark,circuit,plonk,bn254,sha256,input/circuit/sha256/input_11.json,compile,2558636,2048,32,1155339784,3435679,0,1,
gnark,circuit,plonk,bn254,sha256,input/circuit/sha256/input_11.json,compile,2558636,2048,32,1155339784,3436454,0,1,
gnark,circuit,plonk,bn254,sha256,input/circuit/sha256/input_11.json,compile,2558636,2048,32,1155339784,3439200,0,1,
gnark,circuit,plonk,bn254,sha256,input/circuit/sha256/input_11.json,compile,2558636,2048,32,1155864072,3420824,0,1,
gnark,circuit,plonk,bn254,sha256,input/circuit/sha256/input_11.json,compile,2558636,2048,32,1155077640,3424518,0,1,
gnark,circuit,plonk,bn254,sha256,input/circuit/sha256/input_11.json,compile,2558636,2048,32,1019379176,3430847,0,1,
gnark,circuit,plonk,bn254,sha256,input/circuit/sha256/input_11.json,compile,2558636,2048,32,1155712520,3442718,0,1,
gnark,circuit,plonk,bn254,sha256,input/circuit/sha256/input_11.json,compile,2558636,2048,32,1155601928,3438369,0,1,
gnark,circuit,plonk,bn254,sha256,input/circuit/sha256/input_11.json,setup,2558636,2048,32,12317761608,13074957,0,1,
gnark,circuit,plonk,bn254,sha256,input/circuit/sha256/input_11.json,setup,2558636,2048,32,12453722216,13186156,0,1,
gnark,circuit,plonk,bn254,sha256,input/circuit/sha256/input_11.json,setup,2558636,2048,32,12448217192,13227896,0,1,
gnark,circuit,plonk,bn254,sha256,input/circuit/sha256/input_11.json,setup,2558636,2048,32,12312780872,13238941,0,1,
gnark,circuit,plonk,bn254,sha256,input/circuit/sha256/input_11.json,setup,2558636,2048,32,12317237320,13191016,0,1,
gnark,circuit,plonk,bn254,sha256,input/circuit/sha256/input_11.json,setup,2558636,2048,32,12313043016,13092591,0,1,
gnark,circuit,plonk,bn254,sha256,input/circuit/sha256/input_11.json,setup,2558636,2048,32,12317761608,13169700,0,1,
gnark,circuit,plonk,bn254,sha256,input/circuit/sha256/input_11.json,setup,2558636,2048,32,12312518728,13172822,0,1,
gnark,circuit,plonk,bn254,sha256,input/circuit/sha256/input_11.json,setup,2558636,2048,32,12314091592,13163399,0,1,
gnark,circuit,plonk,bn254,sha256,input/circuit/sha256/input_11.json,setup,2558636,2048,32,12312518728,13184944,0,1,
gnark,circuit,plonk,bn254,sha256,input/circuit/sha256/input_11.json,witness,2558636,2048,32,2269169480,1048,0,1,
gnark,circuit,plonk,bn254,sha256,input/circuit/sha256/input_11.json,witness,2558636,2048,32,2269845320,1048,0,1,
gnark,circuit,plonk,bn254,sha256,input/circuit/sha256/input_11.json,witness,2558636,2048,32,2268534600,1048,0,1,
gnark,circuit,plonk,bn254,sha256,input/circuit/sha256/input_11.json,witness,2558636,2048,32,2269583176,1048,0,1,
gnark,circuit,plonk,bn254,sha256,input/circuit/sha256/input_11.json,witness,2558636,2048,32,2269058888,1048,0,1,
gnark,circuit,plonk,bn254,sha256,input/circuit/sha256/input_11.json,witness,2558636,2048,32,2269845320,1048,0,1,
gnark,circuit,plonk,bn254,sha256,input/circuit/sha256/input_11.json,witness,2558636,2048,32,2269321032,1048,0,1,
gnark,circuit,plonk,bn254,sha256,input/circuit/sha256/input_11.json,witness,2558636,2048,32,2202739480,1048,0,1,
gnark,circuit,plonk,bn254,sha256,input/circuit/sha256/input_11.json,witness,2558636,2048,32,2268796744,1048,0,1,
gnark,circuit,plonk,bn254,sha256,input/circuit/sha256/input_11.json,witness,2558636,2048,32,2268796744,1048,0,1,
gnark,circuit,plonk,bn254,sha256,input/circuit/sha256/input_11.json,prove,2558636,2048,32,17049305240,10782455,880,1,
gnark,circuit,plonk,bn254,sha256,input/circuit/sha256/input_11.json,prove,2558636,2048,32,18739645992,10791530,880,1,
gnark,circuit,plonk,bn254,sha256,input/circuit/sha256/input_11.json,prove,2558636,2048,32,17046421656,10604507,880,1,
gnark,circuit,plonk,bn254,sha256,input/circuit/sha256/input_11.json,prove,2558636,2048,32,17042489496,10634560,880,1,
gnark,circuit,plonk,bn254,sha256,input/circuit/sha256/input_11.json,prove,2558636,2048,32,17049829528,10720865,880,1,
gnark,circuit,plonk,bn254,sha256,input/circuit/sha256/input_11.json,prove,2558636,2048,32,17050353816,10703241,880,1,
gnark,circuit,plonk,bn254,sha256,input/circuit/sha256/input_11.json,prove,2558636,2048,32,17050726552,10713407,880,1,
gnark,circuit,plonk,bn254,sha256,input/circuit/sha256/input_11.json,prove,2558636,2048,32,17041703064,10653677,880,1,
gnark,circuit,plonk,bn254,sha256,input/circuit/sha256/input_11.json,prove,2558636,2048,32,17049305240,10660146,880,1,
gnark,circuit,plonk,bn254,sha256,input/circuit/sha256/input_11.json,prove,2558636,2048,32,17322799320,10736059,880,1,
gnark,circuit,plonk,bn254,sha256,input/circuit/sha256/input_11.json,verify,2558636,2048,32,17042227352,1950,0,1,
gnark,circuit,plonk,bn254,sha256,input/circuit/sha256/input_11.json,verify,2558636,2048,32,17339838680,1902,0,1,
gnark,circuit,plonk,bn254,sha256,input/circuit/sha256/input_11.json,verify,2558636,2048,32,17339314392,1962,0,1,
gnark,circuit,plonk,bn254,sha256,input/circuit/sha256/input_11.json,verify,2558636,2048,32,17339838680,1888,0,1,
gnark,circuit,plonk,bn254,sha256,input/circuit/sha256/input_11.json,verify,2558636,2048,32,17049829528,1843,0,1,
gnark,circuit,plonk,bn254,sha256,input/circuit/sha256/input_11.json,verify,2558636,2048,32,17019597960,1847,0,1,
gnark,circuit,plonk,bn254,sha256,input/circuit/sha256/input_11.json,verify,2558636,2048,32,17054810264,1899,0,1,
gnark,circuit,plonk,bn254,sha256,input/circuit/sha256/input_11.json,verify,2558636,2048,32,17050615960,1881,0,1,
gnark,circuit,plonk,bn254,sha256,input/circuit/sha256/input_11.json,verify,2558636,2048,32,17045897368,1983,0,1,
gnark,circuit,plonk,bn254,sha256,input/circuit/sha256/input_11.json,verify,2558636,2048,32,17044586648,1904,0,1,
gnark,circuit,plonk,bls12_381,sha256,input/circuit/sha256/input_5.json,compile,79027,32,32,58848520,93878,0,1,
gnark,circuit,plonk,bls12_381,sha256,input/circuit/sha256/input_5.json,compile,79027,32,32,54392072,90530,0,1,
gnark,circuit,plonk,bls12_381,sha256,input/circuit/sha256/input_5.json,compile,79027,32,32,54654216,92197,0,1,
gnark,circuit,plonk,bls12_381,sha256,input/circuit/sha256/input_5.json,compile,79027,32,32,55178504,91897,0,1,
gnark,circuit,plonk,bls12_381,sha256,input/circuit/sha256/input_5.json,compile,79027,32,32,58586376,94203,0,1,
gnark,circuit,plonk,bls12_381,sha256,input/circuit/sha256/input_5.json,compile,79027,32,32,54654216,92802,0,1,
gnark,circuit,plonk,bls12_381,sha256,input/circuit/sha256/input_5.json,compile,79027,32,32,54654216,91802,0,1,
gnark,circuit,plonk,bls12_381,sha256,input/circuit/sha256/input_5.json,compile,79027,32,32,59110664,90823,0,1,
gnark,circuit,plonk,bls12_381,sha256,input/circuit/sha256/input_5.json,compile,79027,32,32,58586376,91361,0,1,
gnark,circuit,plonk,bls12_381,sha256,input/circuit/sha256/input_5.json,compile,79027,32,32,54916360,91501,0,1,
gnark,circuit,plonk,bls12_381,sha256,input/circuit/sha256/input_5.json,setup,79027,32,32,436845928,632888,0,1,
gnark,circuit,plonk,bls12_381,sha256,input/circuit/sha256/input_5.json,setup,79027,32,32,419459416,683625,0,1,
gnark,circuit,plonk,bls12_381,sha256,input/circuit/sha256/input_5.json,setup,79027,32,32,418672984,642851,0,1,
gnark,circuit,plonk,bls12_381,sha256,input/circuit/sha256/input_5.json,setup,79027,32,32,418672984,624429,0,1,
gnark,circuit,plonk,bls12_381,sha256,input/circuit/sha256/input_5.json,setup,79027,32,32,418410840,624937,0,1,
gnark,circuit,plonk,bls12_381,sha256,input/circuit/sha256/input_5.json,setup,79027,32,32,436321640,663852,0,1,
gnark,circuit,plonk,bls12_381,sha256,input/circuit/sha256/input_5.json,setup,79027,32,32,418410840,667731,0,1,
gnark,circuit,plonk,bls12_381,sha256,input/circuit/sha256/input_5.json,setup,79027,32,32,419459416,722651,0,1,
gnark,circuit,plonk,bls12_381,sha256,input/circuit/sha256/input_5.json,setup,79027,32,32,418148696,717847,0,1,
gnark,circuit,plonk,bls12_381,sha256,input/circuit/sha256/input_5.json,setup,79027,32,32,437894504,672022,0,1,
gnark,circuit,plonk,bls12_381,sha256,input/circuit/sha256/input_5.json,witness,79027,32,32,122110232,1048,0,1,
gnark,circuit,plonk,bls12_381,sha256,input/circuit/sha256/input_5.json,witness,79027,32,32,122110232,1048,0,1,
gnark,circuit,plonk,bls12_381,sha256,input/circuit/sha256/input_5.json,witness,79027,32,32,122110232,1048,0,1,
gnark,circuit,plonk,bls12_381,sha256,input/circuit/sha256/input_5.json,witness,79027,32,32,126304536,1048,0,1,
gnark,circuit,plonk,bls12_381,sha256,input/circuit/sha256/input_5.json,witness,79027,32,32,126042392,1048,0,1,
gnark,circuit,plonk,bls12_381,sha256,input/circuit/sha256/input_5.json,witness,79027,32,32,126828824,1048,0,1,
gnark,circuit,plonk,bls12_381,sha256,input/circuit/sha256/input_5.json,witness,79027,32,32,123158808,1048,0,1,
gnark,circuit,plonk,bls12_381,sha256,input/circuit/sha256/input_5.json,witness,79027,32,32,126828824,1048,0,1,
gnark,circuit,plonk,bls12_381,sha256,input/circuit/sha256/input_5.json,witness,79027,32,32,121323800,1048,0,1,
gnark,circuit,plonk,bls12_381,sha256,input/circuit/sha256/input_5.json,witness,79027,32,32,127090968,1048,0,1,
gnark,circuit,plonk,bls12_381,sha256,input/circuit/sha256/input_5.json,prove,79027,32,32,698196376,563245,1168,1,
gnark,circuit,plonk,bls12_381,sha256,input/circuit/sha256/input_5.json,prove,79027,32,32,701604248,558043,1168,1,
gnark,circuit,plonk,bls12_381,sha256,input/circuit/sha256/input_5.json,prove,79027,32,32,690069912,560181,1168,1,
gnark,circuit,plonk,bls12_381,sha256,input/circuit/sha256/input_5.json,prove,79027,32,32,706932136,558298,1168,1,
gnark,circuit,plonk,bls12_381,sha256,input/circuit/sha256/input_5.json,prove,79027,32,32,684827032,565363,1168,1,
gnark,circuit,plonk,bls12_381,sha256,input/circuit/sha256/input_5.json,prove,79027,32,32,697934232,559520,1168,1,
gnark,circuit,plonk,bls12_381,sha256,input/circuit/sha256/input_5.json,prove,79027,32,32,702652824,557578,1168,1,
gnark,circuit,plonk,bls12_381,sha256,input/circuit/sha256/input_5.json,prove,79027,32,32,717155752,559138,1168,1,
gnark,circuit,plonk,bls12_381,sha256,input/circuit/sha256/input_5.json,prove,79027,32,32,697934232,561214,1168,1,
gnark,circuit,plonk,bls12_381,sha256,input/circuit/sha256/input_5.json,prove,79027,32,32,685875608,557674,1168,1,
gnark,circuit,plonk,bls12_381,sha256,input/circuit/sha256/input_5.json,verify,79027,32,32,689807768,2819,0,1,
gnark,circuit,plonk,bls12_381,sha256,input/circuit/sha256/input_5.json,verify,79027,32,32,692691352,2763,0,1,
gnark,circuit,plonk,bls12_381,sha256,input/circuit/sha256/input_5.json,verify,79027,32,32,712175016,2786,0,1,
gnark,circuit,plonk,bls12_381,sha256,input/circuit/sha256/input_5.json,verify,79027,32,32,701604248,2726,0,1,
gnark,circuit,plonk,bls12_381,sha256,input/circuit/sha256/input_5.json,verify,79027,32,32,719777192,2758,0,1,
gnark,circuit,plonk,bls12_381,sha256,input/circuit/sha256/input_5.json,verify,79027,32,32,697672088,2787,0,1,
gnark,circuit,plonk,bls12_381,sha256,input/circuit/sha256/input_5.json,verify,79027,32,32,689807768,2817,0,1,
gnark,circuit,plonk,bls12_381,sha256,input/circuit/sha256/input_5.json,verify,79027,32,32,706669992,2783,0,1,
gnark,circuit,plonk,bls12_381,sha256,input/circuit/sha256/input_5.json,verify,79027,32,32,711912872,2808,0,1,
gnark,circuit,plonk,bls12_381,sha256,input/circuit/sha256/input_5.json,verify,79027,32,32,710864296,2814,0,1,
gnark,circuit,plonk,bls12_381,sha256,input/circuit/sha256/input_6.json,compile,158244,64,32,89276696,190087,0,1,
gnark,circuit,plonk,bls12_381,sha256,input/circuit/sha256/input_6.json,compile,158244,64,32,98189592,191298,0,1,
gnark,circuit,plonk,bls12_381,sha256,input/circuit/sha256/input_6.json,compile,158244,64,32,89538840,195650,0,1,
gnark,circuit,plonk,bls12_381,sha256,input/circuit/sha256/input_6.json,compile,158244,64,32,98189592,193156,0,1,
gnark,circuit,plonk,bls12_381,sha256,input/circuit/sha256/input_6.json,compile,158244,64,32,86130968,195308,0,1,
gnark,circuit,plonk,bls12_381,sha256,input/circuit/sha256/input_6.json,compile,158244,64,32,89800984,193214,0,1,
gnark,circuit,plonk,bls12_381,sha256,input/circuit/sha256/input_6.json,compile,158244,64,32,98976024,191699,0,1,
gnark,circuit,plonk,bls12_381,sha256,input/circuit/sha256/input_6.json,compile,158244,64,32,89538840,194806,0,1,
gnark,circuit,plonk,bls12_381,sha256,input/circuit/sha256/input_6.json,compile,158244,64,32,98189592,191434,0,1,
gnark,circuit,plonk,bls12_381,sha256,input/circuit/sha256/input_6.json,compile,158244,64,32,89800984,191557,0,1,
gnark,circuit,plonk,bls12_381,sha256,input/circuit/sha256/input_6.json,setup,158244,64,32,827275704,1243220,0,1,
gnark,circuit,plonk,bls12_381,sha256,input/circuit/sha256/input_6.json,setup,158244,64,32,827013560,1173969,0,1,
gnark,circuit,plonk,bls12_381,sha256,input/circuit/sha256/input_6.json,setup,158244,64,32,828062136,1227515,0,1,
gnark,circuit,plonk,bls12_381,sha256,input/circuit/sha256/input_6.json,setup,158244,64,32,827275704,1240625,0,1,
gnark,circuit,plonk,bls12_381,sha256,input/circuit/sha256/input_6.json,setup,158244,64,32,827799992,1186069,0,1,
gnark,circuit,plonk,bls12_381,sha256,input/circuit/sha256/input_6.json,setup,158244,64,32,824916408,1232701,0,1,
gnark,circuit,plonk,bls12_381,sha256,input/circuit/sha256/input_6.json,setup,158244,64,32,827013560,1244947,0,1,
gnark,circuit,plonk,bls12_381,sha256,input/circuit/sha256/input_6.json,setup,158244,64,32,826751416,1235387,0,1,
gnark,circuit,plonk,bls12_381,sha256,input/circuit/sha256/input_6.json,setup,158244,64,32,824392120,1232923,0,1,
gnark,circuit,plonk,bls12_381,sha256,input/circuit/sha256/input_6.json,setup,158244,64,32,828062136,1175965,0,1,
gnark,circuit,plonk,bls12_381,sha256,input/circuit/sha256/input_6.json,witness,158244,64,32,202607912,1048,0,1,
gnark,circuit,plonk,bls12_381,sha256,input/circuit/sha256/input_6.json,witness,158244,64,32,206277928,1048,0,1,
gnark,circuit,plonk,bls12_381,sha256,input/circuit/sha256/input_6.json,witness,158244,64,32,206015784,1048,0,1,
gnark,circuit,plonk,bls12_381,sha256,input/circuit/sha256/input_6.json,witness,158244,64,32,211258664,1048,0,1,
gnark,circuit,plonk,bls12_381,sha256,input/circuit/sha256/input_6.json,witness,158244,64,32,202607912,1048,0,1,
gnark,circuit,plonk,bls12_381,sha256,input/circuit/sha256/input_6.json,witness,158244,64,32,206277928,1048,0,1,
gnark,circuit,plonk,bls12_381,sha256,input/circuit/sha256/input_6.json,witness,158244,64,32,201297192,1048,0,1,
gnark,circuit,plonk,bls12_381,sha256,input/circuit/sha256/input_6.json,witness,158244,64,32,206015784,1048,0,1,
gnark,circuit,plonk,bls12_381,sha256,input/circuit/sha256/input_6.json,witness,158244,64,32,202345768,1048,0,1,
gnark,circuit,plonk,bls12_381,sha256,input/circuit/sha256/input_6.json,witness,158244,64,32,193957160,1048,0,1,
gnark,circuit,plonk,bls12_381,sha256,input/circuit/sha256/input_6.json,prove,158244,64,32,1266175528,1054085,1168,1,
gnark,circuit,plonk,bls12_381,sha256,input/circuit/sha256/input_6.json,prove,158244,64,32,1312050728,1058531,1168,1,
gnark,circuit,plonk,bls12_381,sha256,input/circuit/sha256/input_6.json,prove,158244,64,32,1329961528,1051880,1168,1,
gnark,circuit,plonk,bls12_381,sha256,input/circuit/sha256/input_6.json,prove,158244,64,32,1346476600,1076973,1168,1,
gnark,circuit,plonk,bls12_381,sha256,input/circuit/sha256/input_6.json,prove,158244,64,32,1347263032,1070505,1168,1,
gnark,circuit,plonk,bls12_381,sha256,input/circuit/sha256/input_6.json,prove,158244,64,32,1317031464,1062356,1168,1,
gnark,circuit,plonk,bls12_381,sha256,input/circuit/sha256/input_6.json,prove,158244,64,32,1303399976,1065243,1168,1,
gnark,circuit,plonk,bls12_381,sha256,input/circuit/sha256/input_6.json,prove,158244,64,32,1349884472,1060552,1168,1,
gnark,circuit,plonk,bls12_381,sha256,input/circuit/sha256/input_6.json,prove,158244,64,32,1287409192,1071229,1168,1,
gnark,circuit,plonk,bls12_381,sha256,input/circuit/sha256/input_6.json,prove,158244,64,32,1329437240,1050197,1168,1,
gnark,circuit,plonk,bls12_381,sha256,input/circuit/sha256/input_6.json,verify,158244,64,32,1389815368,2794,0,1,
gnark,circuit,plonk,bls12_381,sha256,input/circuit/sha256/input_6.json,verify,158244,64,32,1287147048,2741,0,1,
gnark,circuit,plonk,bls12_381,sha256,input/circuit/sha256/input_6.json,verify,158244,64,32,1329437240,2818,0,1,
gnark,circuit,plonk,bls12_381,sha256,input/circuit/sha256/input_6.json,verify,158244,64,32,1330485816,2733,0,1,
gnark,circuit,plonk,bls12_381,sha256,input/circuit/sha256/input_6.json,verify,158244,64,32,1295011368,2836,0,1,
gnark,circuit,plonk,bls12_381,sha256,input/circuit/sha256/input_6.json,verify,158244,64,32,1308380712,2817,0,1,
gnark,circuit,plonk,bls12_381,sha256,input/circuit/sha256/input_6.json,verify,158244,64,32,1312050728,2761,0,1,
gnark,circuit,plonk,bls12_381,sha256,input/circuit/sha256/input_6.json,verify,158244,64,32,1338087992,2794,0,1,
gnark,circuit,plonk,bls12_381,sha256,input/circuit/sha256/input_6.json,verify,158244,64,32,1371642424,2755,0,1,
gnark,circuit,plonk,bls12_381,sha256,input/circuit/sha256/input_6.json,verify,158244,64,32,1359583800,2777,0,1,
gnark,circuit,plonk,bls12_381,sha256,input/circuit/sha256/input_7.json,compile,235676,128,32,112148760,276819,0,1,
gnark,circuit,plonk,bls12_381,sha256,input/circuit/sha256/input_7.json,compile,235676,128,32,111624472,274922,0,1,
gnark,circuit,plonk,bls12_381,sha256,input/circuit/sha256/input_7.json,compile,235676,128,32,115556632,271129,0,1,
gnark,circuit,plonk,bls12_381,sha256,input/circuit/sha256/input_7.json,compile,235676,128,32,116080920,271889,0,1,
gnark,circuit,plonk,bls12_381,sha256,input/circuit/sha256/input_7.json,compile,235676,128,32,116343064,271847,0,1,
gnark,circuit,plonk,bls12_381,sha256,input/circuit/sha256/input_7.json,compile,235676,128,32,115818776,271057,0,1,
gnark,circuit,plonk,bls12_381,sha256,input/circuit/sha256/input_7.json,compile,235676,128,32,115556632,271909,0,1,
gnark,circuit,plonk,bls12_381,sha256,input/circuit/sha256/input_7.json,compile,235676,128,32,114508056,272073,0,1,
gnark,circuit,plonk,bls12_381,sha256,input/circuit/sha256/input_7.json,compile,235676,128,32,111624472,270147,0,1,
gnark,circuit,plonk,bls12_381,sha256,input/circuit/sha256/input_7.json,compile,235676,128,32,116343064,274974,0,1,
gnark,circuit,plonk,bls12_381,sha256,input/circuit/sha256/input_7.json,setup,235676,128,32,818952632,1140346,0,1,
gnark,circuit,plonk,bls12_381,sha256,input/circuit/sha256/input_7.json,setup,235676,128,32,817904056,1149356,0,1,
gnark,circuit,plonk,bls12_381,sha256,input/circuit/sha256/input_7.json,setup,235676,128,32,817904056,1150025,0,1,
gnark,circuit,plonk,bls12_381,sha256,input/circuit/sha256/input_7.json,setup,235676,128,32,820001208,1141377,0,1,
gnark,circuit,plonk,bls12_381,sha256,input/circuit/sha256/input_7.json,setup,235676,128,32,818690488,1160657,0,1,
gnark,circuit,plonk,bls12_381,sha256,input/circuit/sha256/input_7.json,setup,235676,128,32,819214776,1143380,0,1,
gnark,circuit,plonk,bls12_381,sha256,input/circuit/sha256/input_7.json,setup,235676,128,32,819739064,1156150,0,1,
gnark,circuit,plonk,bls12_381,sha256,input/circuit/sha256/input_7.json,setup,235676,128,32,820263352,1143824,0,1,
gnark,circuit,plonk,bls12_381,sha256,input/circuit/sha256/input_7.json,setup,235676,128,32,818690488,1154669,0,1,
gnark,circuit,plonk,bls12_381,sha256,input/circuit/sha256/input_7.json,setup,235676,128,32,818952632,1163706,0,1,
gnark,circuit,plonk,bls12_381,sha256,input/circuit/sha256/input_7.json,witness,235676,128,32,217615656,1048,0,1,
gnark,circuit,plonk,bls12_381,sha256,input/circuit/sha256/input_7.json,witness,235676,128,32,218402088,1048,0,1,
gnark,circuit,plonk,bls12_381,sha256,input/circuit/sha256/input_7.json,witness,235676,128,32,218664232,1048,0,1,
gnark,circuit,plonk,bls12_381,sha256,input/circuit/sha256/input_7.json,witness,235676,128,32,213683496,1048,0,1,
gnark,circuit,plonk,bls12_381,sha256,input/circuit/sha256/input_7.json,witness,235676,128,32,218139944,1048,0,1,
gnark,circuit,plonk,bls12_381,sha256,input/circuit/sha256/input_7.json,witness,235676,128,32,218926376,1048,0,1,
gnark,circuit,plonk,bls12_381,sha256,input/circuit/sha256/input_7.json,witness,235676,128,32,214207784,1048,0,1,
gnark,circuit,plonk,bls12_381,sha256,input/circuit/sha256/input_7.json,witness,235676,128,32,218402088,1048,0,1,
gnark,circuit,plonk,bls12_381,sha256,input/circuit/sha256/input_7.json,witness,235676,128,32,218139944,1048,0,1,
gnark,circuit,plonk,bls12_381,sha256,input/circuit/sha256/input_7.json,witness,235676,128,32,218664232,1048,0,1,
gnark,circuit,plonk,bls12_381,sha256,input/circuit/sha256/input_7.json,prove,235676,128,32,1492202072,1077857,1168,1,
gnark,circuit,plonk,bls12_381,sha256,input/circuit/sha256/input_7.json,prove,235676,128,32,1452533320,1067566,1168,1,
gnark,circuit,plonk,bls12_381,sha256,input/circuit/sha256/input_7.json,prove,235676,128,32,1474114136,1076119,1168,1,
gnark,circuit,plonk,bls12_381,sha256,input/circuit/sha256/input_7.json,prove,235676,128,32,1477259864,1080513,1168,1,
gnark,circuit,plonk,bls12_381,sha256,input/circuit/sha256/input_7.json,prove,235676,128,32,1418192456,1076256,1168,1,
gnark,circuit,plonk,bls12_381,sha256,input/circuit/sha256/input_7.json,prove,235676,128,32,1499542104,1084087,1168,1,
gnark,circuit,plonk,bls12_381,sha256,input/circuit/sha256/input_7.json,prove,235676,128,32,1495609944,1107601,1168,1,
gnark,circuit,plonk,bls12_381,sha256,input/circuit/sha256/input_7.json,prove,235676,128,32,1462055512,1058347,1168,1,
gnark,circuit,plonk,bls12_381,sha256,input/circuit/sha256/input_7.json,prove,235676,128,32,1438639688,1092028,1168,1,
gnark,circuit,plonk,bls12_381,sha256,input/circuit/sha256/input_7.json,prove,235676,128,32,1436542536,1093195,1168,1,
gnark,circuit,plonk,bls12_381,sha256,input/circuit/sha256/input_7.json,verify,235676,128,32,1405347400,2842,0,1,
gnark,circuit,plonk,bls12_381,sha256,input/circuit/sha256/input_7.json,verify,235676,128,32,1504260696,2886,0,1,
gnark,circuit,plonk,bls12_381,sha256,input/circuit/sha256/input_7.json,verify,235676,128,32,1418192456,2776,0,1,
gnark,circuit,plonk,bls12_381,sha256,input/circuit/sha256/input_7.json,verify,235676,128,32,1478308440,2844,0,1,
gnark,circuit,plonk,bls12_381,sha256,input/circuit/sha256/input_7.json,verify,235676,128,32,1470444120,2817,0,1,
gnark,circuit,plonk,bls12_381,sha256,input/circuit/sha256/input_7.json,verify,235676,128,32,1419241032,2760,0,1,
gnark,circuit,plonk,bls12_381,sha256,input/circuit/sha256/input_7.json,verify,235676,128,32,1435231816,2909,0,1,
gnark,circuit,plonk,bls12_381,sha256,input/circuit/sha256/input_7.json,verify,235676,128,32,1417930312,2813,0,1,
gnark,circuit,plonk,bls12_381,sha256,input/circuit/sha256/input_7.json,verify,235676,128,32,1414522440,2823,0,1,
gnark,circuit,plonk,bls12_381,sha256,input/circuit/sha256/input_7.json,verify,235676,128,32,1419765320,2804,0,1,
gnark,circuit,plonk,bls12_381,sha256,input/circuit/sha256/input_8.json,compile,390540,256,32,176655656,470505,0,1,
gnark,circuit,plonk,bls12_381,sha256,input/circuit/sha256/input_8.json,compile,390540,256,32,179539240,472376,0,1,
gnark,circuit,plonk,bls12_381,sha256,input/circuit/sha256/input_8.json,compile,390540,256,32,171674920,469905,0,1,
gnark,circuit,plonk,bls12_381,sha256,input/circuit/sha256/input_8.json,compile,390540,256,32,180849960,473071,0,1,
gnark,circuit,plonk,bls12_381,sha256,input/circuit/sha256/input_8.json,compile,390540,256,32,180063528,470409,0,1,
gnark,circuit,plonk,bls12_381,sha256,input/circuit/sha256/input_8.json,compile,390540,256,32,176131368,470198,0,1,
gnark,circuit,plonk,bls12_381,sha256,input/circuit/sha256/input_8.json,compile,390540,256,32,176393512,467736,0,1,
gnark,circuit,plonk,bls12_381,sha256,input/circuit/sha256/input_8.json,compile,390540,256,32,180849960,472406,0,1,
gnark,circuit,plonk,bls12_381,sha256,input/circuit/sha256/input_8.json,compile,390540,256,32,181112104,467123,0,1,
gnark,circuit,plonk,bls12_381,sha256,input/circuit/sha256/input_8.json,compile,390540,256,32,172985640,469665,0,1,
gnark,circuit,plonk,bls12_381,sha256,input/circuit/sha256/input_8.json,setup,390540,256,32,1622067832,2376781,0,1,
gnark,circuit,plonk,bls12_381,sha256,input/circuit/sha256/input_8.json,setup,390540,256,32,1626262136,2343363,0,1,
gnark,circuit,plonk,bls12_381,sha256,input/circuit/sha256/input_8.json,setup,390540,256,32,1621281400,2349240,0,1,
gnark,circuit,plonk,bls12_381,sha256,input/circuit/sha256/input_8.json,setup,390540,256,32,1621019256,2363570,0,1,
gnark,circuit,plonk,bls12_381,sha256,input/circuit/sha256/input_8.json,setup,390540,256,32,1620757112,2355085,0,1,
gnark,circuit,plonk,bls12_381,sha256,input/circuit/sha256/input_8.json,setup,390540,256,32,1625475704,2339272,0,1,
gnark,circuit,plonk,bls12_381,sha256,input/circuit/sha256/input_8.json,setup,390540,256,32,1621281400,2372533,0,1,
gnark,circuit,plonk,bls12_381,sha256,input/circuit/sha256/input_8.json,setup,390540,256,32,1626524280,2329892,0,1,
gnark,circuit,plonk,bls12_381,sha256,input/circuit/sha256/input_8.json,setup,390540,256,32,1620494968,2349388,0,1,
gnark,circuit,plonk,bls12_381,sha256,input/circuit/sha256/input_8.json,setup,390540,256,32,1622067832,2360811,0,1,
gnark,circuit,plonk,bls12_381,sha256,input/circuit/sha256/input_8.json,witness,390540,256,32,394228056,1048,0,1,
gnark,circuit,plonk,bls12_381,sha256,input/circuit/sha256/input_8.json,witness,390540,256,32,394490200,1048,0,1,
gnark,circuit,plonk,bls12_381,sha256,input/circuit/sha256/input_8.json,witness,390540,256,32,394752344,1048,0,1,
gnark,circuit,plonk,bls12_381,sha256,input/circuit/sha256/input_8.json,witness,390540,256,32,394490200,1048,0,1,
gnark,circuit,plonk,bls12_381,sha256,input/circuit/sha256/input_8.json,witness,390540,256,32,394228056,1048,0,1,
gnark,circuit,plonk,bls12_381,sha256,input/circuit/sha256/input_8.json,witness,390540,256,32,393965912,1048,0,1,
gnark,circuit,plonk,bls12_381,sha256,input/circuit/sha256/input_8.json,witness,390540,256,32,394490200,1048,0,1,
gnark,circuit,plonk,bls12_381,sha256,input/circuit/sha256/input_8.json,witness,390540,256,32,394490200,1048,0,1,
gnark,circuit,plonk,bls12_381,sha256,input/circuit/sha256/input_8.json,witness,390540,256,32,389771608,1048,0,1,
gnark,circuit,plonk,bls12_381,sha256,input/circuit/sha256/input_8.json,witness,390540,256,32,385315160,1048,0,1,
gnark,circuit,plonk,bls12_381,sha256,input/circuit/sha256/input_8.json,prove,390540,256,32,2976697272,2076179,1168,1,
gnark,circuit,plonk,bls12_381,sha256,input/circuit/sha256/input_8.json,prove,390540,256,32,3138610136,2104802,1168,1,
gnark,circuit,plonk,bls12_381,sha256,input/circuit/sha256/input_8.json,prove,390540,256,32,3006319544,2094566,1168,1,
gnark,circuit,plonk,bls12_381,sha256,input/circuit/sha256/input_8.json,prove,390540,256,32,3022834616,2105999,1168,1,
gnark,circuit,plonk,bls12_381,sha256,input/circuit/sha256/input_8.json,prove,390540,256,32,3129959384,2103109,1168,1,
gnark,circuit,plonk,bls12_381,sha256,input/circuit/sha256/input_8.json,prove,390540,256,32,3096667096,2123172,1168,1,
gnark,circuit,plonk,bls12_381,sha256,input/circuit/sha256/input_8.json,prove,390540,256,32,3078494152,2097359,1168,1,
gnark,circuit,plonk,bls12_381,sha256,input/circuit/sha256/input_8.json,prove,390540,256,32,2990328760,2105476,1168,1,
gnark,circuit,plonk,bls12_381,sha256,input/circuit/sha256/input_8.json,prove,390540,256,32,3078494152,2177207,1168,1,
gnark,circuit,plonk,bls12_381,sha256,input/circuit/sha256/input_8.json,prove,390540,256,32,3087144904,2109083,1168,1,
gnark,circuit,plonk,bls12_381,sha256,input/circuit/sha256/input_8.json,verify,390540,256,32,3082950600,2791,0,1,
gnark,circuit,plonk,bls12_381,sha256,input/circuit/sha256/input_8.json,verify,390540,256,32,3091339208,2976,0,1,
gnark,circuit,plonk,bls12_381,sha256,input/circuit/sha256/input_8.json,verify,390540,256,32,3058833352,2878,0,1,
gnark,circuit,plonk,bls12_381,sha256,input/circuit/sha256/input_8.json,verify,390540,256,32,3081902024,2791,0,1,
gnark,circuit,plonk,bls12_381,sha256,input/circuit/sha256/input_8.json,verify,390540,256,32,3005795256,2944,0,1,
gnark,circuit,plonk,bls12_381,sha256,input/circuit/sha256/input_8.json,verify,390540,256,32,3078494152,2940,0,1,
gnark,circuit,plonk,bls12_381,sha256,input/circuit/sha256/input_8.json,verify,390540,256,32,3090552776,2811,0,1,
gnark,circuit,plonk,bls12_381,sha256,input/circuit/sha256/input_8.json,verify,390540,256,32,3087407048,2872,0,1,
gnark,circuit,plonk,bls12_381,sha256,input/circuit/sha256/input_8.json,verify,390540,256,32,3126551512,2772,0,1,
gnark,circuit,plonk,bls12_381,sha256,input/circuit/sha256/input_8.json,verify,390540,256,32,3005270968,2808,0,1,
gnark,circuit,plonk,bls12_381,sha256,input/circuit/sha256/input_9.json,compile,700268,512,32,310060360,892661,0,1,
gnark,circuit,plonk,bls12_381,sha256,input/circuit/sha256/input_9.json,compile,700268,512,32,310060360,883977,0,1,
gnark,circuit,plonk,bls12_381,sha256,input/circuit/sha256/input_9.json,compile,700268,512,32,351216968,891180,0,1,
gnark,circuit,plonk,bls12_381,sha256,input/circuit/sha256/input_9.json,compile,700268,512,32,308749640,880816,0,1,
gnark,circuit,plonk,bls12_381,sha256,input/circuit/sha256/input_9.json,compile,700268,512,32,351774024,893064,0,1,
gnark,circuit,plonk,bls12_381,sha256,input/circuit/sha256/input_9.json,compile,700268,512,32,309306696,880959,0,1,
gnark,circuit,plonk,bls12_381,sha256,input/circuit/sha256/input_9.json,compile,700268,512,32,347284808,894690,0,1,
gnark,circuit,plonk,bls12_381,sha256,input/circuit/sha256/input_9.json,compile,700268,512,32,350954824,885998,0,1,
gnark,circuit,plonk,bls12_381,sha256,input/circuit/sha256/input_9.json,compile,700268,512,32,305079624,878402,0,1,
gnark,circuit,plonk,bls12_381,sha256,input/circuit/sha256/input_9.json,compile,700268,512,32,350692680,890931,0,1,
gnark,circuit,plonk,bls12_381,sha256,input/circuit/sha256/input_9.json,setup,700268,512,32,3111674840,4548546,0,1,
gnark,circuit,plonk,bls12_381,sha256,input/circuit/sha256/input_9.json,setup,700268,512,32,3115082712,4557526,0,1,
gnark,circuit,plonk,bls12_381,sha256,input/circuit/sha256/input_9.json,setup,700268,512,32,3101975512,4581692,0,1,
gnark,circuit,plonk,bls12_381,sha256,input/circuit/sha256/input_9.json,setup,700268,512,32,3114329048,4603713,0,1,
gnark,circuit,plonk,bls12_381,sha256,input/circuit/sha256/input_9.json,setup,700268,512,32,3115607000,4560272,0,1,
gnark,circuit,plonk,bls12_381,sha256,input/circuit/sha256/input_9.json,setup,700268,512,32,3119014872,4584318,0,1,
gnark,circuit,plonk,bls12_381,sha256,input/circuit/sha256/input_9.json,setup,700268,512,32,3115869144,4571095,0,1,
gnark,circuit,plonk,bls12_381,sha256,input/circuit/sha256/input_9.json,setup,700268,512,32,3111150552,4553992,0,1,
gnark,circuit,plonk,bls12_381,sha256,input/circuit/sha256/input_9.json,setup,700268,512,32,3115901912,4605934,0,1,
gnark,circuit,plonk,bls12_381,sha256,input/circuit/sha256/input_9.json,setup,700268,512,32,3108299736,4568717,0,1,
gnark,circuit,plonk,bls12_381,sha256,input/circuit/sha256/input_9.json,witness,700268,512,32,680632728,1048,0,1,
gnark,circuit,plonk,bls12_381,sha256,input/circuit/sha256/input_9.json,witness,700268,512,32,680403352,1048,0,1,
gnark,circuit,plonk,bls12_381,sha256,input/circuit/sha256/input_9.json,witness,700268,512,32,680370584,1048,0,1,
gnark,circuit,plonk,bls12_381,sha256,input/circuit/sha256/input_9.json,witness,700268,512,32,680370584,1048,0,1,
gnark,circuit,plonk,bls12_381,sha256,input/circuit/sha256/input_9.json,witness,700268,512,32,679846296,1048,0,1,
gnark,circuit,plonk,bls12_381,sha256,input/circuit/sha256/input_9.json,witness,700268,512,32,681157016,1048,0,1,
gnark,circuit,plonk,bls12_381,sha256,input/circuit/sha256/input_9.json,witness,700268,512,32,697147800,1048,0,1,
gnark,circuit,plonk,bls12_381,sha256,input/circuit/sha256/input_9.json,witness,700268,512,32,680927640,1048,0,1,
gnark,circuit,plonk,bls12_381,sha256,input/circuit/sha256/input_9.json,witness,700268,512,32,675946904,1048,0,1,
gnark,circuit,plonk,bls12_381,sha256,input/circuit/sha256/input_9.json,witness,700268,512,32,680108440,1048,0,1,
gnark,circuit,plonk,bls12_381,sha256,input/circuit/sha256/input_9.json,prove,700268,512,32,6082050696,3904860,1168,1,
gnark,circuit,plonk,bls12_381,sha256,input/circuit/sha256/input_9.json,prove,700268,512,32,6081231496,4048923,1168,1,
gnark,circuit,plonk,bls12_381,sha256,input/circuit/sha256/input_9.json,prove,700268,512,32,6074677896,3992984,1168,1,
gnark,circuit,plonk,bls12_381,sha256,input/circuit/sha256/input_9.json,prove,700268,512,32,6085163656,3965429,1168,1,
gnark,circuit,plonk,bls12_381,sha256,input/circuit/sha256/input_9.json,prove,700268,512,32,6076512904,3964637,1168,1,
gnark,circuit,plonk,bls12_381,sha256,input/circuit/sha256/input_9.json,prove,700268,512,32,6072842888,4026152,1168,1,
gnark,circuit,plonk,bls12_381,sha256,input/circuit/sha256/input_9.json,prove,700268,512,32,6077823624,4028800,1168,1,
gnark,circuit,plonk,bls12_381,sha256,input/circuit/sha256/input_9.json,prove,700268,512,32,6086474376,4001592,1168,1,
gnark,circuit,plonk,bls12_381,sha256,input/circuit/sha256/input_9.json,prove,700268,512,32,6090177160,4021432,1168,1,
gnark,circuit,plonk,bls12_381,sha256,input/circuit/sha256/input_9.json,prove,700268,512,32,6077069960,4010465,1168,1,
gnark,circuit,plonk,bls12_381,sha256,input/circuit/sha256/input_9.json,verify,700268,512,32,6073662088,2861,0,1,
gnark,circuit,plonk,bls12_381,sha256,input/circuit/sha256/input_9.json,verify,700268,512,32,6073629320,2799,0,1,
gnark,circuit,plonk,bls12_381,sha256,input/circuit/sha256/input_9.json,verify,700268,512,32,6085950088,2866,0,1,
gnark,circuit,plonk,bls12_381,sha256,input/circuit/sha256/input_9.json,verify,700268,512,32,6077856392,2831,0,1,
gnark,circuit,plonk,bls12_381,sha256,input/circuit/sha256/input_9.json,verify,700268,512,32,6073367176,2846,0,1,
gnark,circuit,plonk,bls12_381,sha256,input/circuit/sha256/input_9.json,verify,700268,512,32,6081493640,2828,0,1,
gnark,circuit,plonk,bls12_381,sha256,input/circuit/sha256/input_9.json,verify,700268,512,32,6086474376,2862,0,1,
gnark,circuit,plonk,bls12_381,sha256,input/circuit/sha256/input_9.json,verify,700268,512,32,6073629320,2771,0,1,
gnark,circuit,plonk,bls12_381,sha256,input/circuit/sha256/input_9.json,verify,700268,512,32,6073367176,2722,0,1,
gnark,circuit,plonk,bls12_381,sha256,input/circuit/sha256/input_9.json,verify,700268,512,32,6073662088,2800,0,1,
gnark,circuit,plonk,bls12_381,sha256,input/circuit/sha256/input_10.json,compile,1319724,1024,32,533809528,1722943,0,1,
gnark,circuit,plonk,bls12_381,sha256,input/circuit/sha256/input_10.json,compile,1319724,1024,32,524372344,1728844,0,1,
gnark,circuit,plonk,bls12_381,sha256,input/circuit/sha256/input_10.json,compile,1319724,1024,32,529615224,1724277,0,1,
gnark,circuit,plonk,bls12_381,sha256,input/circuit/sha256/input_10.json,compile,1319724,1024,32,532760952,1727381,0,1,
gnark,circuit,plonk,bls12_381,sha256,input/circuit/sha256/input_10.json,compile,1319724,1024,32,532760952,1733419,0,1,
gnark,circuit,plonk,bls12_381,sha256,input/circuit/sha256/input_10.json,compile,1319724,1024,32,529615224,1732968,0,1,
gnark,circuit,plonk,bls12_381,sha256,input/circuit/sha256/input_10.json,compile,1319724,1024,32,533285240,1736879,0,1,
gnark,circuit,plonk,bls12_381,sha256,input/circuit/sha256/input_10.json,compile,1319724,1024,32,532760952,1727136,0,1,
gnark,circuit,plonk,bls12_381,sha256,input/circuit/sha256/input_10.json,compile,1319724,1024,32,524110200,1724150,0,1,
gnark,circuit,plonk,bls12_381,sha256,input/circuit/sha256/input_10.json,compile,1319724,1024,32,524896632,1717239,0,1,
gnark,circuit,plonk,bls12_381,sha256,input/circuit/sha256/input_10.json,setup,1319724,1024,32,6184571560,8599690,0,1,
gnark,circuit,plonk,bls12_381,sha256,input/circuit/sha256/input_10.json,setup,1319724,1024,32,6158272152,8570204,0,1,
gnark,circuit,plonk,bls12_381,sha256,input/circuit/sha256/input_10.json,setup,1319724,1024,32,6162466456,8640766,0,1,
gnark,circuit,plonk,bls12_381,sha256,input/circuit/sha256/input_10.json,setup,1319724,1024,32,6184047272,8574014,0,1,
gnark,circuit,plonk,bls12_381,sha256,input/circuit/sha256/input_10.json,setup,1319724,1024,32,6158272152,8545354,0,1,
gnark,circuit,plonk,bls12_381,sha256,input/circuit/sha256/input_10.json,setup,1319724,1024,32,6157223576,8583212,0,1,
gnark,circuit,plonk,bls12_381,sha256,input/circuit/sha256/input_10.json,setup,1319724,1024,32,6156961432,8572175,0,1,
gnark,circuit,plonk,bls12_381,sha256,input/circuit/sha256/input_10.json,setup,1319724,1024,32,6156699288,8551973,0,1,
gnark,circuit,plonk,bls12_381,sha256,input/circuit/sha256/input_10.json,setup,1319724,1024,32,6161942168,8654753,0,1,
gnark,circuit,plonk,bls12_381,sha256,input/circuit/sha256/input_10.json,setup,1319724,1024,32,6158272152,8655448,0,1,
gnark,circuit,plonk,bls12_381,sha256,input/circuit/sha256/input_10.json,witness,1319724,1024,32,1337599560,1048,0,1,
gnark,circuit,plonk,bls12_381,sha256,input/circuit/sha256/input_10.json,witness,1319724,1024,32,1332880968,1048,0,1,
gnark,circuit,plonk,bls12_381,sha256,input/circuit/sha256/input_10.json,witness,1319724,1024,32,1327900232,1048,0,1,
gnark,circuit,plonk,bls12_381,sha256,input/circuit/sha256/input_10.json,witness,1319724,1024,32,1412919896,1048,0,1,
gnark,circuit,plonk,bls12_381,sha256,input/circuit/sha256/input_10.json,witness,1319724,1024,32,1366782552,1048,0,1,
gnark,circuit,plonk,bls12_381,sha256,input/circuit/sha256/input_10.json,witness,1319724,1024,32,1332880968,1048,0,1,
gnark,circuit,plonk,bls12_381,sha256,input/circuit/sha256/input_10.json,witness,1319724,1024,32,1336550984,1048,0,1,
gnark,circuit,plonk,bls12_381,sha256,input/circuit/sha256/input_10.json,witness,1319724,1024,32,1413444184,1048,0,1,
gnark,circuit,plonk,bls12_381,sha256,input/circuit/sha256/input_10.json,witness,1319724,1024,32,1336813128,1048,0,1,
gnark,circuit,plonk,bls12_381,sha256,input/circuit/sha256/input_10.json,witness,1319724,1024,32,1332618824,1048,0,1,
gnark,circuit,plonk,bls12_381,sha256,input/circuit/sha256/input_10.json,prove,1319724,1024,32,10477824664,7440937,1168,1,
gnark,circuit,plonk,bls12_381,sha256,input/circuit/sha256/input_10.json,prove,1319724,1024,32,10477562520,7413493,1168,1,
gnark,circuit,plonk,bls12_381,sha256,input/circuit/sha256/input_10.json,prove,1319724,1024,32,10451263112,7344607,1168,1,
gnark,circuit,plonk,bls12_381,sha256,input/circuit/sha256/input_10.json,prove,1319724,1024,32,10451525256,7471200,1168,1,
gnark,circuit,plonk,bls12_381,sha256,input/circuit/sha256/input_10.json,prove,1319724,1024,32,10442874504,7496700,1168,1,
gnark,circuit,plonk,bls12_381,sha256,input/circuit/sha256/input_10.json,prove,1319724,1024,32,10446806664,7438603,1168,1,
gnark,circuit,plonk,bls12_381,sha256,input/circuit/sha256/input_10.json,prove,1319724,1024,32,10447330952,7519531,1168,1,
gnark,circuit,plonk,bls12_381,sha256,input/circuit/sha256/input_10.json,prove,1319724,1024,32,10447330952,7515088,1168,1,
gnark,circuit,plonk,bls12_381,sha256,input/circuit/sha256/input_10.json,prove,1319724,1024,32,10476513944,7515728,1168,1,
gnark,circuit,plonk,bls12_381,sha256,input/circuit/sha256/input_10.json,prove,1319724,1024,32,10446544520,7487550,1168,1,
gnark,circuit,plonk,bls12_381,sha256,input/circuit/sha256/input_10.json,verify,1319724,1024,32,10478348952,2702,0,1,
gnark,circuit,plonk,bls12_381,sha256,input/circuit/sha256/input_10.json,verify,1319724,1024,32,10452049544,2784,0,1,
gnark,circuit,plonk,bls12_381,sha256,input/circuit/sha256/input_10.json,verify,1319724,1024,32,10477824664,2679,0,1,
gnark,circuit,plonk,bls12_381,sha256,input/circuit/sha256/input_10.json,verify,1319724,1024,32,10447330952,2733,0,1,
gnark,circuit,plonk,bls12_381,sha256,input/circuit/sha256/input_10.json,verify,1319724,1024,32,10477300376,2718,0,1,
gnark,circuit,plonk,bls12_381,sha256,input/circuit/sha256/input_10.json,verify,1319724,1024,32,10443136648,2687,0,1,
gnark,circuit,plonk,bls12_381,sha256,input/circuit/sha256/input_10.json,verify,1319724,1024,32,10441825928,2739,0,1,
gnark,circuit,plonk,bls12_381,sha256,input/circuit/sha256/input_10.json,verify,1319724,1024,32,10477824664,2737,0,1,
gnark,circuit,plonk,bls12_381,sha256,input/circuit/sha256/input_10.json,verify,1319724,1024,32,10455195272,2832,0,1,
gnark,circuit,plonk,bls12_381,sha256,input/circuit/sha256/input_10.json,verify,1319724,1024,32,10447855240,2772,0,1,
gnark,circuit,plonk,bls12_381,sha256,input/circuit/sha256/input_11.json,compile,2558636,2048,32,1155339784,3441888,0,1,
gnark,circuit,plonk,bls12_381,sha256,input/circuit/sha256/input_11.json,compile,2558636,2048,32,1155077640,3433517,0,1,
gnark,circuit,plonk,bls12_381,sha256,input/circuit/sha256/input_11.json,compile,2558636,2048,32,1155601928,3467590,0,1,
gnark,circuit,plonk,bls12_381,sha256,input/circuit/sha256/input_11.json,compile,2558636,2048,32,1156126216,3502959,0,1,
gnark,circuit,plonk,bls12_381,sha256,input/circuit/sha256/input_11.json,compile,2558636,2048,32,1155077640,3446354,0,1,
gnark,circuit,plonk,bls12_381,sha256,input/circuit/sha256/input_11.json,compile,2558636,2048,32,1155601928,3427004,0,1,
gnark,circuit,plonk,bls12_381,sha256,input/circuit/sha256/input_11.json,compile,2558636,2048,32,1155864072,3429525,0,1,
gnark,circuit,plonk,bls12_381,sha256,input/circuit/sha256/input_11.json,compile,2558636,2048,32,1154815496,3448062,0,1,
gnark,circuit,plonk,bls12_381,sha256,input/circuit/sha256/input_11.json,compile,2558636,2048,32,1156126216,3461484,0,1,
gnark,circuit,plonk,bls12_381,sha256,input/circuit/sha256/input_11.json,compile,2558636,2048,32,1155339784,3443899,0,1,
gnark,circuit,plonk,bls12_381,sha256,input/circuit/sha256/input_11.json,setup,2558636,2048,32,12466829416,16531455,0,1,
gnark,circuit,plonk,bls12_381,sha256,input/circuit/sha256/input_11.json,setup,2558636,2048,32,12466305128,16446849,0,1,
gnark,circuit,plonk,bls12_381,sha256,input/circuit/sha256/input_11.json,setup,2558636,2048,32,12467353704,16483066,0,1,
gnark,circuit,plonk,bls12_381,sha256,input/circuit/sha256/input_11.json,setup,2558636,2048,32,12330082376,16510157,0,1,
gnark,circuit,plonk,bls12_381,sha256,input/circuit/sha256/input_11.json,setup,2558636,2048,32,12330082376,16524982,0,1,
gnark,circuit,plonk,bls12_381,sha256,input/circuit/sha256/input_11.json,setup,2558636,2048,32,12330344520,16490107,0,1,
gnark,circuit,plonk,bls12_381,sha256,input/circuit/sha256/input_11.json,setup,2558636,2048,32,12464994408,16503774,0,1,
gnark,circuit,plonk,bls12_381,sha256,input/circuit/sha256/input_11.json,setup,2558636,2048,32,12465518696,16462572,0,1,
gnark,circuit,plonk,bls12_381,sha256,input/circuit/sha256/input_11.json,setup,2558636,2048,32,12466042984,16385654,0,1,
gnark,circuit,plonk,bls12_381,sha256,input/circuit/sha256/input_11.json,setup,2558636,2048,32,12328771656,16493107,0,1,
gnark,circuit,plonk,bls12_381,sha256,input/circuit/sha256/input_11.json,witness,2558636,2048,32,2746231736,1048,0,1,
gnark,circuit,plonk,bls12_381,sha256,input/circuit/sha256/input_11.json,witness,2558636,2048,32,2747018168,1048,0,1,
gnark,circuit,plonk,bls12_381,sha256,input/circuit/sha256/input_11.json,witness,2558636,2048,32,2746756024,1048,0,1,
gnark,circuit,plonk,bls12_381,sha256,input/circuit/sha256/input_11.json,witness,2558636,2048,32,2747018168,1048,0,1,
gnark,circuit,plonk,bls12_381,sha256,input/circuit/sha256/input_11.json,witness,2558636,2048,32,2747542456,1048,0,1,
gnark,circuit,plonk,bls12_381,sha256,input/circuit/sha256/input_11.json,witness,2558636,2048,32,2746493880,1048,0,1,
gnark,circuit,plonk,bls12_381,sha256,input/circuit/sha256/input_11.json,witness,2558636,2048,32,2746493880,1048,0,1,
gnark,circuit,plonk,bls12_381,sha256,input/circuit/sha256/input_11.json,witness,2558636,2048,32,2746756024,1048,0,1,
gnark,circuit,plonk,bls12_381,sha256,input/circuit/sha256/input_11.json,witness,2558636,2048,32,2747280312,1048,0,1,
gnark,circuit,plonk,bls12_381,sha256,input/circuit/sha256/input_11.json,witness,2558636,2048,32,2747280312,1048,0,1,
gnark,circuit,plonk,bls12_381,sha256,input/circuit/sha256/input_11.json,prove,2558636,2048,32,19241198232,14435704,1168,1,
gnark,circuit,plonk,bls12_381,sha256,input/circuit/sha256/input_11.json,prove,2558636,2048,32,19241722520,14170137,1168,1,
gnark,circuit,plonk,bls12_381,sha256,input/circuit/sha256/input_11.json,prove,2558636,2048,32,19241198232,14245973,1168,1,
gnark,circuit,plonk,bls12_381,sha256,input/circuit/sha256/input_11.json,prove,2558636,2048,32,19241984664,14195105,1168,1,
gnark,circuit,plonk,bls12_381,sha256,input/circuit/sha256/input_11.json,prove,2558636,2048,32,19242246808,14236722,1168,1,
gnark,circuit,plonk,bls12_381,sha256,input/circuit/sha256/input_11.json,prove,2558636,2048,32,19242508952,14161411,1168,1,
gnark,circuit,plonk,bls12_381,sha256,input/circuit/sha256/input_11.json,prove,2558636,2048,32,19241460376,14266826,1168,1,
gnark,circuit,plonk,bls12_381,sha256,input/circuit/sha256/input_11.json,prove,2558636,2048,32,19241722520,14259564,1168,1,
gnark,circuit,plonk,bls12_381,sha256,input/circuit/sha256/input_11.json,prove,2558636,2048,32,19242508952,14186035,1168,1,
gnark,circuit,plonk,bls12_381,sha256,input/circuit/sha256/input_11.json,prove,2558636,2048,32,19242771096,14267809,1168,1,
gnark,circuit,plonk,bls12_381,sha256,input/circuit/sha256/input_11.json,verify,2558636,2048,32,19241460376,2728,0,1,
gnark,circuit,plonk,bls12_381,sha256,input/circuit/sha256/input_11.json,verify,2558636,2048,32,19242771096,2700,0,1,
gnark,circuit,plonk,bls12_381,sha256,input/circuit/sha256/input_11.json,verify,2558636,2048,32,19242771096,2778,0,1,
gnark,circuit,plonk,bls12_381,sha256,input/circuit/sha256/input_11.json,verify,2558636,2048,32,19225993880,2670,0,1,
gnark,circuit,plonk,bls12_381,sha256,input/circuit/sha256/input_11.json,verify,2558636,2048,32,19242771096,2774,0,1,
gnark,circuit,plonk,bls12_381,sha256,input/circuit/sha256/input_11.json,verify,2558636,2048,32,19242771096,2704,0,1,
gnark,circuit,plonk,bls12_381,sha256,input/circuit/sha256/input_11.json,verify,2558636,2048,32,19242246808,2708,0,1,
gnark,circuit,plonk,bls12_381,sha256,input/circuit/sha256/input_11.json,verify,2558636,2048,32,19242771096,2712,0,1,
gnark,circuit,plonk,bls12_381,sha256,input/circuit/sha256/input_11.json,verify,2558636,2048,32,19224421016,2756,0,1,
gnark,circuit,plonk,bls12_381,sha256,input/circuit/sha256/input_11.json,verify,2558636,2048,32,19241460376,2688,0,1,
